days,variant,description,actual_days,signals,trades,wins,losses,be_exits,win_rate,net_pnl,gross_profit,gross_loss,profit_factor,avg_win,avg_loss,max_drawdown,winning_days,losing_days,skipped
30,original,Original: SL at waveStart until TP/SL,28.83,723,347,143,203,0,41.21,552.01,9104.99,-8552.98,1.06,63.67,-42.13,-841.58,13,9,107
30,be_236,Move SL to entry after touching 23.6%,28.83,723,361,96,212,54,26.59,-2758.17,5758.29,-8516.46,0.68,59.98,-40.17,-3009.69,7,15,84
30,be_500,Move SL to entry after touching 50.0%,28.83,723,382,78,155,153,20.42,-1183.21,4242.95,-5426.16,0.78,54.4,-35.01,-1492.44,5,17,54
60,original,Original: SL at waveStart until TP/SL,59.92,850,407,178,228,0,43.73,1402.16,11164.17,-9762.01,1.14,62.72,-42.82,-841.58,16,11,117
60,be_236,Move SL to entry after touching 23.6%,59.92,850,421,124,238,60,29.45,-2151.94,7507.84,-9659.78,0.78,60.55,-40.59,-3073.01,11,16,95
60,be_500,Move SL to entry after touching 50.0%,59.92,850,447,99,179,173,22.15,-824.45,5505.52,-6329.97,0.87,55.61,-35.36,-1492.44,8,19,59
90,original,Original: SL at waveStart until TP/SL,90.0,1573,720,336,383,0,46.67,9335.6,29285.16,-19949.57,1.47,87.16,-52.09,-841.58,38,13,203
90,be_236,Move SL to entry after touching 23.6%,90.0,1573,741,233,399,110,31.44,-1325.3,18836.31,-20161.61,0.93,80.84,-50.53,-3073.01,23,28,168
90,be_500,Move SL to entry after touching 50.0%,90.0,1573,788,179,301,312,22.72,-605.73,12928.85,-13534.58,0.96,72.23,-44.97,-1492.44,19,32,104
120,original,Original: SL at waveStart until TP/SL,119.79,1746,780,369,410,0,47.31,10795.71,32759.56,-21963.85,1.49,88.78,-53.57,-841.58,41,18,221
120,be_236,Move SL to entry after touching 23.6%,119.79,1746,802,259,429,115,32.29,-534.22,21768.49,-22302.71,0.98,84.05,-51.99,-3073.01,27,32,185
120,be_500,Move SL to entry after touching 50.0%,119.79,1746,854,197,323,339,23.07,-108.6,14757.9,-14866.5,0.99,74.91,-46.03,-1492.44,24,35,113
150,original,Original: SL at waveStart until TP/SL,150.0,2494,1116,510,605,0,45.7,10985.9,42566.6,-31580.7,1.35,83.46,-52.2,-1480.59,51,32,320
150,be_236,Move SL to entry after touching 23.6%,150.0,2494,1148,363,608,178,31.62,-1824.27,29177.78,-31002.05,0.94,80.38,-50.99,-3073.01,39,44,266
150,be_500,Move SL to entry after touching 50.0%,150.0,2494,1221,281,455,492,23.01,-756.11,20533.19,-21289.3,0.96,73.07,-46.79,-1492.44,35,47,162
180,original,Original: SL at waveStart until TP/SL,179.92,2640,1164,533,630,0,45.79,11695.87,44127.67,-32431.8,1.36,82.79,-51.48,-1480.59,54,33,329
180,be_236,Move SL to entry after touching 23.6%,179.92,2640,1198,380,637,182,31.72,-1654.3,30321.08,-31975.38,0.95,79.79,-50.2,-3073.01,41,46,273
180,be_500,Move SL to entry after touching 50.0%,179.92,2640,1272,294,474,511,23.11,-595.47,21335.98,-21931.44,0.97,72.57,-46.27,-1492.44,37,49,167
210,original,Original: SL at waveStart until TP/SL,210.0,3346,1468,663,804,0,45.16,12971.93,51920.65,-38948.72,1.33,78.31,-48.44,-1480.59,68,42,422
210,be_236,Move SL to entry after touching 23.6%,210.0,3346,1511,465,808,240,30.77,-2614.56,35539.54,-38154.09,0.93,76.43,-47.22,-3073.01,49,61,342
210,be_500,Move SL to entry after touching 50.0%,210.0,3346,1599,361,587,661,22.58,-595.56,25091.63,-25687.19,0.98,69.51,-43.76,-1492.44,46,63,214
240,original,Original: SL at waveStart until TP/SL,238.79,3463,1515,688,826,0,45.41,13889.05,53866.11,-39977.06,1.35,78.29,-48.4,-1480.59,70,44,435
240,be_236,Move SL to entry after touching 23.6%,238.79,3463,1557,484,824,251,31.09,-1787.41,37015.32,-38802.73,0.95,76.48,-47.09,-3073.01,53,61,350
240,be_500,Move SL to entry after touching 50.0%,238.79,3463,1646,377,599,680,22.9,124.31,26316.5,-26192.19,1.0,69.81,-43.73,-1492.44,49,63,219
270,original,Original: SL at waveStart until TP/SL,270.0,4163,1825,802,1022,0,43.95,13941.02,57457.31,-43516.29,1.32,71.64,-42.58,-1480.59,82,54,499
270,be_236,Move SL to entry after touching 23.6%,270.0,4163,1871,574,1025,279,30.68,-2400.15,40037.35,-42437.5,0.94,69.75,-41.4,-3073.01,61,75,407
270,be_500,Move SL to entry after touching 50.0%,270.0,4163,1967,451,768,776,22.93,-396.93,28619.83,-29016.77,0.99,63.46,-37.78,-1492.44,58,76,255
300,original,Original: SL at waveStart until TP/SL,299.97,4406,1935,844,1090,0,43.62,13837.33,58643.25,-44805.93,1.31,69.48,-41.11,-1480.59,84,59,528
300,be_236,Move SL to entry after touching 23.6%,299.97,4406,1985,611,1094,292,30.78,-2513.82,41064.47,-43578.29,0.94,67.21,-39.83,-3073.01,63,80,427
300,be_500,Move SL to entry after touching 50.0%,299.97,4406,2086,479,825,815,22.96,-609.87,29292.84,-29902.71,0.98,61.15,-36.25,-1492.44,60,81,269
330,original,Original: SL at waveStart until TP/SL,329.83,5063,2243,975,1267,0,43.47,14368.72,62305.52,-47936.8,1.3,63.9,-37.83,-1480.59,99,67,603
330,be_236,Move SL to entry after touching 23.6%,329.83,5063,2302,704,1273,338,30.58,-2679.32,43790.52,-46469.84,0.94,62.2,-36.5,-3073.01,74,92,495
330,be_500,Move SL to entry after touching 50.0%,329.83,5063,2421,551,947,957,22.76,-608.18,31146.27,-31754.46,0.98,56.53,-33.53,-1492.44,73,91,307
360,original,Original: SL at waveStart until TP/SL,357.83,5289,2345,1019,1325,0,43.45,14820.32,63846.2,-49025.88,1.3,62.66,-37.0,-1480.59,105,70,619
360,be_236,Move SL to entry after touching 23.6%,357.83,5289,2407,733,1335,352,30.45,-2549.16,44987.38,-47536.54,0.95,61.37,-35.61,-3073.01,79,96,511
360,be_500,Move SL to entry after touching 50.0%,357.83,5289,2526,576,993,991,22.8,-377.02,32169.48,-32546.5,0.99,55.85,-32.78,-1492.44,78,95,323
