time,kind,direction,entry,sl,tp,wave_start,wave_end,wave_start_bar
2026-05-04 08:00:00,MSS,short,4623.7,4628.6,4615.8,4628.6,4615.8,23
2026-05-04 08:20:00,BOS,short,4622.6,4628.4,4613.2,4628.4,4613.2,25
2026-05-04 08:55:00,MSS,long,4619.5,4616.0,4625.2,4616.0,4625.2,33
2026-05-04 09:00:00,MSS,short,4619.8,4625.2,4611.0,4625.2,4611.0,35
2026-05-04 09:25:00,BOS,short,4611.8,4615.8,4605.2,4615.8,4605.2,39
2026-05-04 09:50:00,MSS,long,4609.0,4603.6,4617.8,4603.6,4617.8,42
2026-05-04 11:35:00,MSS,short,4618.6,4622.6,4612.1,4622.6,4612.1,66
2026-05-04 11:50:00,MSS,long,4615.6,4609.4,4625.7,4609.4,4625.7,68
2026-05-04 12:55:00,MSS,short,4619.3,4621.6,4615.7,4621.6,4615.7,82
2026-05-04 13:15:00,MSS,long,4617.1,4612.7,4624.3,4612.7,4624.3,86
2026-05-04 13:25:00,MSS,short,4617.3,4624.3,4606.1,4624.3,4606.1,87
2026-05-04 14:00:00,BOS,short,4608.9,4613.1,4602.2,4613.1,4602.2,95
2026-05-04 14:35:00,BOS,short,4602.5,4607.0,4595.3,4607.0,4595.3,102
2026-05-04 15:50:00,BOS,short,4598.3,4602.1,4592.1,4602.1,4592.1,117
2026-05-04 16:35:00,MSS,long,4586.8,4584.6,4590.3,4584.6,4590.3,126
2026-05-04 16:55:00,MSS,short,4589.2,4590.8,4586.7,4590.8,4586.7,130
2026-05-04 17:00:00,MSS,long,4588.7,4586.7,4592.0,4586.7,4592.0,131
2026-05-04 17:10:00,BOS,long,4590.0,4586.7,4595.3,4586.7,4595.3,131
2026-05-04 17:50:00,MSS,short,4593.0,4595.6,4588.7,4595.6,4588.7,139
2026-05-04 19:30:00,BOS,short,4575.8,4581.0,4567.5,4581.0,4567.5,159
2026-05-04 20:15:00,MSS,long,4572.2,4563.6,4586.2,4563.6,4586.2,165
2026-05-04 20:50:00,BOS,long,4580.9,4577.0,4587.1,4577.0,4587.1,177
2026-05-04 21:00:00,MSS,short,4579.8,4587.1,4568.0,4587.1,4568.0,178
2026-05-04 22:05:00,BOS,short,4572.4,4577.4,4564.4,4577.4,4564.4,191
2026-05-04 22:15:00,MSS,long,4572.3,4564.4,4585.2,4564.4,4585.2,193
2026-05-04 22:55:00,MSS,short,4585.6,4594.7,4570.8,4594.7,4570.8,200
2026-05-05 00:05:00,BOS,short,4538.6,4553.8,4513.9,4553.8,4513.9,211
2026-05-05 01:15:00,MSS,long,4526.6,4517.3,4541.7,4517.3,4541.7,226
2026-05-05 02:05:00,MSS,short,4532.9,4535.6,4528.5,4535.6,4528.5,240
2026-05-05 02:55:00,MSS,long,4522.8,4520.4,4526.6,4520.4,4526.6,248
2026-05-05 03:05:00,BOS,long,4525.6,4520.8,4533.3,4520.8,4533.3,252
2026-05-05 04:40:00,BOS,long,4524.3,4521.6,4528.7,4521.6,4528.7,268
2026-05-05 06:40:00,MSS,short,4530.3,4531.7,4528.1,4531.7,4528.1,282
2026-05-05 07:40:00,BOS,short,4529.7,4531.2,4527.4,4531.2,4527.4,293
2026-05-05 08:00:00,MSS,long,4528.7,4525.8,4533.5,4525.8,4533.5,298
2026-05-05 08:25:00,MSS,short,4532.1,4538.0,4522.6,4538.0,4522.6,302
2026-05-05 08:50:00,MSS,long,4529.2,4522.6,4539.8,4522.6,4539.8,305
2026-05-05 09:00:00,BOS,long,4530.8,4522.6,4544.1,4522.6,4544.1,305
2026-05-05 09:55:00,BOS,long,4546.1,4543.3,4550.7,4543.3,4550.7,318
2026-05-05 10:15:00,MSS,short,4547.6,4549.6,4544.4,4549.6,4544.4,326
2026-05-05 10:25:00,MSS,long,4546.8,4544.0,4551.2,4544.0,4551.2,328
2026-05-05 11:20:00,MSS,short,4549.9,4551.8,4546.7,4551.8,4546.7,339
2026-05-05 13:05:00,MSS,long,4545.6,4539.9,4554.7,4539.9,4554.7,360
2026-05-05 13:30:00,BOS,long,4549.3,4544.8,4556.6,4544.8,4556.6,363
2026-05-05 14:15:00,MSS,short,4556.5,4561.5,4548.3,4561.5,4548.3,372
2026-05-05 15:00:00,MSS,long,4559.5,4556.8,4563.8,4556.8,4563.8,383
2026-05-05 15:15:00,BOS,long,4562.2,4560.3,4565.4,4560.3,4565.4,386
2026-05-05 15:25:00,MSS,short,4562.6,4565.5,4558.0,4565.5,4558.0,388
2026-05-05 15:45:00,BOS,short,4563.4,4568.3,4555.4,4568.3,4555.4,391
2026-05-05 16:20:00,MSS,long,4559.0,4556.2,4563.6,4556.2,4563.6,398
2026-05-05 16:50:00,BOS,long,4561.6,4557.7,4568.0,4557.7,4568.0,405
2026-05-05 17:25:00,MSS,short,4567.4,4570.5,4562.4,4570.5,4562.4,409
2026-05-05 18:05:00,BOS,short,4565.3,4567.2,4562.2,4567.2,4562.2,420
2026-05-05 18:25:00,BOS,short,4562.0,4565.3,4556.7,4565.3,4556.7,423
2026-05-05 18:40:00,BOS,short,4560.6,4564.5,4554.3,4564.5,4554.3,426
2026-05-05 19:05:00,MSS,long,4554.1,4550.1,4560.6,4550.1,4560.6,432
2026-05-05 19:40:00,BOS,long,4559.7,4550.1,4575.2,4550.1,4575.2,432
2026-05-05 20:00:00,MSS,short,4569.7,4573.0,4564.3,4573.0,4564.3,443
2026-05-05 20:10:00,MSS,long,4569.3,4564.3,4577.3,4564.3,4577.3,444
2026-05-05 21:05:00,BOS,long,4579.5,4572.1,4591.4,4572.1,4591.4,454
2026-05-05 21:35:00,MSS,short,4588.8,4592.4,4583.0,4592.4,4583.0,462
2026-05-05 22:05:00,MSS,long,4589.6,4586.2,4595.1,4586.2,4595.1,468
2026-05-05 22:10:00,MSS,short,4589.6,4595.1,4580.7,4595.1,4580.7,469
2026-05-05 23:00:00,MSS,long,4589.6,4586.3,4594.9,4586.3,4594.9,478
2026-05-05 23:40:00,MSS,short,4588.7,4592.1,4583.2,4592.1,4583.2,486
2026-05-06 01:05:00,BOS,short,4570.1,4573.8,4564.0,4573.8,4564.0,503
2026-05-06 01:45:00,MSS,long,4568.6,4565.9,4572.9,4565.9,4572.9,510
2026-05-06 02:10:00,BOS,long,4571.2,4568.4,4575.6,4568.4,4575.6,514
2026-05-06 03:00:00,MSS,short,4573.4,4576.2,4568.8,4576.2,4568.8,525
2026-05-06 03:45:00,MSS,long,4567.5,4566.2,4569.7,4566.2,4569.7,535
2026-05-06 03:50:00,MSS,short,4567.8,4569.7,4564.6,4569.7,4564.6,537
2026-05-06 04:25:00,MSS,long,4567.9,4566.0,4571.0,4566.0,4571.0,544
2026-05-06 06:00:00,MSS,short,4565.3,4568.4,4560.2,4568.4,4560.2,551
2026-05-06 06:50:00,MSS,long,4561.1,4556.3,4568.8,4556.3,4568.8,561
2026-05-06 08:00:00,BOS,long,4604.0,4601.0,4608.9,4601.0,4608.9,575
2026-05-06 08:20:00,BOS,long,4604.3,4598.3,4613.9,4598.3,4613.9,579
2026-05-06 08:50:00,BOS,long,4619.8,4618.0,4622.6,4618.0,4622.6,584
2026-05-06 09:20:00,BOS,long,4625.9,4620.3,4635.0,4620.3,4635.0,590
2026-05-06 09:45:00,BOS,long,4634.3,4631.1,4639.5,4631.1,4639.5,595
2026-05-06 10:45:00,BOS,long,4643.4,4640.2,4648.6,4640.2,4648.6,608
2026-05-06 11:05:00,BOS,long,4651.0,4648.2,4655.5,4648.2,4655.5,612
2026-05-06 11:35:00,BOS,long,4656.0,4652.2,4662.2,4652.2,4662.2,618
2026-05-06 12:05:00,BOS,long,4654.7,4652.7,4658.0,4652.7,4658.0,623
2026-05-06 12:25:00,BOS,long,4659.1,4655.9,4664.2,4655.9,4664.2,628
2026-05-06 13:30:00,MSS,short,4661.9,4666.3,4654.9,4666.3,4654.9,641
2026-05-06 13:55:00,MSS,long,4662.5,4654.9,4674.8,4654.9,4674.8,642
2026-05-06 14:25:00,BOS,long,4671.8,4668.3,4677.5,4668.3,4677.5,652
2026-05-06 15:10:00,MSS,short,4676.9,4681.5,4669.4,4681.5,4669.4,660
2026-05-06 15:40:00,MSS,long,4676.3,4673.2,4681.3,4673.2,4681.3,667
2026-05-06 16:30:00,MSS,short,4689.7,4691.4,4686.9,4691.4,4686.9,677
2026-05-06 16:50:00,MSS,long,4694.9,4682.8,4714.5,4682.8,4714.5,679
2026-05-06 17:30:00,BOS,long,4707.3,4702.4,4715.1,4702.4,4715.1,688
2026-05-06 18:30:00,BOS,long,4713.6,4707.1,4724.1,4707.1,4724.1,699
2026-05-06 18:50:00,BOS,long,4724.8,4718.8,4734.6,4718.8,4734.6,705
2026-05-06 19:20:00,MSS,short,4728.1,4732.9,4720.3,4732.9,4720.3,709
2026-05-06 19:25:00,BOS,short,4726.7,4732.9,4716.8,4732.9,4716.8,709
2026-05-06 19:30:00,MSS,long,4720.7,4716.8,4727.0,4716.8,4727.0,713
2026-05-06 19:40:00,MSS,short,4719.6,4727.0,4707.7,4727.0,4707.7,714
2026-05-06 21:05:00,BOS,short,4694.3,4703.5,4679.3,4703.5,4679.3,732
2026-05-06 21:30:00,MSS,long,4697.5,4689.9,4709.9,4689.9,4709.9,736
2026-05-06 21:45:00,BOS,long,4707.4,4704.1,4712.8,4704.1,4712.8,740
2026-05-06 22:10:00,BOS,long,4714.7,4708.4,4725.0,4708.4,4725.0,745
2026-05-06 22:50:00,MSS,short,4720.7,4726.1,4712.0,4726.1,4712.0,752
2026-05-06 23:05:00,BOS,short,4714.8,4718.7,4708.5,4718.7,4708.5,755
2026-05-06 23:35:00,BOS,short,4710.1,4715.0,4702.3,4715.0,4702.3,760
2026-05-06 23:55:00,BOS,short,4703.7,4706.6,4699.1,4706.6,4699.1,765
2026-05-07 00:05:00,BOS,short,4701.3,4706.6,4692.7,4706.6,4692.7,765
2026-05-07 01:35:00,BOS,short,4693.4,4695.5,4689.9,4695.5,4689.9,785
2026-05-07 01:55:00,MSS,long,4692.8,4691.0,4695.7,4691.0,4695.7,790
2026-05-07 02:05:00,BOS,long,4693.1,4691.0,4696.4,4691.0,4696.4,790
2026-05-07 02:40:00,MSS,short,4699.1,4701.1,4695.9,4701.1,4695.9,799
2026-05-07 03:00:00,MSS,long,4698.9,4695.7,4704.0,4695.7,4704.0,802
2026-05-07 03:55:00,MSS,short,4706.5,4709.1,4702.2,4709.1,4702.2,814
2026-05-07 04:10:00,MSS,long,4705.3,4702.2,4710.4,4702.2,4710.4,815
2026-05-07 04:30:00,MSS,short,4706.7,4710.4,4700.8,4710.4,4700.8,818
2026-05-07 06:05:00,MSS,long,4699.0,4695.6,4704.4,4695.6,4704.4,825
2026-05-07 07:20:00,MSS,short,4704.9,4707.0,4701.6,4707.0,4701.6,843
2026-05-07 07:55:00,MSS,long,4702.6,4699.1,4708.3,4699.1,4708.3,845
2026-05-07 08:40:00,MSS,short,4704.3,4710.5,4694.2,4710.5,4694.2,856
2026-05-07 09:00:00,MSS,long,4697.6,4694.2,4703.0,4694.2,4703.0,863
2026-05-07 09:45:00,BOS,long,4718.0,4711.1,4729.2,4711.1,4729.2,870
2026-05-07 10:05:00,MSS,short,4725.3,4727.6,4721.7,4727.6,4721.7,876
2026-05-07 10:25:00,BOS,short,4721.0,4727.6,4710.2,4727.6,4710.2,876
2026-05-07 11:25:00,BOS,short,4715.6,4717.4,4712.8,4717.4,4712.8,892
2026-05-07 11:55:00,BOS,short,4711.3,4713.7,4707.4,4713.7,4707.4,898
2026-05-07 12:10:00,BOS,short,4707.8,4709.5,4705.0,4709.5,4705.0,901
2026-05-07 12:30:00,BOS,short,4705.0,4707.0,4701.8,4707.0,4701.8,904
2026-05-07 13:00:00,MSS,long,4705.4,4702.5,4710.0,4702.5,4710.0,910
2026-05-07 13:30:00,BOS,long,4707.5,4703.0,4714.7,4703.0,4714.7,916
2026-05-07 13:55:00,MSS,short,4712.9,4715.3,4709.0,4715.3,4709.0,922
2026-05-07 14:05:00,MSS,long,4712.0,4709.0,4716.8,4709.0,4716.8,923
2026-05-07 14:20:00,BOS,long,4718.3,4715.6,4722.6,4715.6,4722.6,927
2026-05-07 15:00:00,MSS,short,4752.2,4759.2,4740.8,4759.2,4740.8,932
2026-05-07 16:00:00,MSS,long,4752.3,4746.6,4761.6,4746.6,4761.6,945
2026-05-07 16:15:00,MSS,short,4756.7,4763.6,4745.5,4763.6,4745.5,949
2026-05-07 16:40:00,BOS,short,4749.3,4752.4,4744.4,4752.4,4744.4,953
2026-05-07 16:55:00,BOS,short,4744.8,4747.1,4741.1,4747.1,4741.1,958
2026-05-07 17:20:00,MSS,long,4743.9,4741.3,4748.2,4741.3,4748.2,963
2026-05-07 17:55:00,MSS,short,4744.0,4749.3,4735.3,4749.3,4735.3,968
2026-05-07 18:35:00,MSS,long,4741.4,4737.3,4748.0,4737.3,4748.0,978
2026-05-07 19:55:00,BOS,long,4746.8,4743.1,4752.8,4743.1,4752.8,994
2026-05-07 20:30:00,BOS,long,4748.4,4741.9,4759.0,4741.9,4759.0,1001
2026-05-07 21:00:00,MSS,short,4756.9,4762.7,4747.5,4762.7,4747.5,1005
2026-05-07 21:30:00,MSS,long,4751.3,4740.7,4768.4,4740.7,4768.4,1010
2026-05-07 22:10:00,BOS,long,4757.0,4752.5,4764.3,4752.5,4764.3,1020
2026-05-07 22:20:00,BOS,long,4757.6,4751.0,4768.2,4751.0,4768.2,1023
2026-05-07 22:50:00,BOS,long,4763.4,4757.7,4772.5,4757.7,4772.5,1026
2026-05-07 23:10:00,MSS,short,4771.2,4775.3,4764.6,4775.3,4764.6,1032
2026-05-07 23:20:00,BOS,short,4765.5,4771.6,4755.7,4771.6,4755.7,1034
2026-05-08 00:50:00,MSS,long,4723.0,4720.3,4727.4,4720.3,4727.4,1052
2026-05-08 01:15:00,MSS,short,4724.1,4729.5,4715.4,4729.5,4715.4,1057
2026-05-08 01:25:00,BOS,short,4715.3,4726.7,4696.9,4726.7,4696.9,1060
2026-05-08 01:55:00,MSS,long,4713.0,4707.5,4721.8,4707.5,4721.8,1066
2026-05-08 02:25:00,BOS,long,4718.6,4715.9,4722.9,4715.9,4722.9,1072
2026-05-08 02:45:00,MSS,short,4719.0,4725.8,4707.9,4725.8,4707.9,1075
2026-05-08 03:55:00,BOS,short,4717.4,4720.4,4712.5,4720.4,4712.5,1090
2026-05-08 04:00:00,MSS,long,4718.9,4712.5,4729.2,4712.5,4729.2,1091
2026-05-08 04:35:00,MSS,short,4719.0,4725.9,4707.8,4725.9,4707.8,1098
2026-05-08 06:45:00,BOS,short,4697.0,4700.4,4691.4,4700.4,4691.4,1112
2026-05-08 07:10:00,MSS,long,4697.2,4693.2,4703.6,4693.2,4703.6,1116
2026-05-08 07:35:00,BOS,long,4705.4,4703.7,4708.2,4703.7,4708.2,1122
2026-05-08 08:05:00,BOS,long,4713.0,4710.0,4717.8,4710.0,4717.8,1128
2026-05-08 08:15:00,MSS,short,4712.6,4718.7,4702.7,4718.7,4702.7,1130
2026-05-08 09:00:00,MSS,long,4712.6,4705.5,4724.1,4705.5,4724.1,1139
2026-05-08 09:35:00,MSS,short,4722.1,4727.5,4713.4,4727.5,4713.4,1144
2026-05-08 09:45:00,MSS,long,4719.3,4713.4,4728.9,4713.4,4728.9,1147
2026-05-08 10:00:00,BOS,long,4724.0,4713.4,4741.1,4713.4,4741.1,1147
2026-05-08 11:05:00,BOS,long,4722.4,4719.2,4727.5,4719.2,4727.5,1164
2026-05-08 11:30:00,BOS,long,4730.6,4725.4,4739.1,4725.4,4739.1,1168
2026-05-08 12:10:00,MSS,short,4728.8,4732.1,4723.5,4732.1,4723.5,1176
2026-05-08 12:40:00,BOS,short,4723.1,4727.0,4716.9,4727.0,4716.9,1181
2026-05-08 13:25:00,MSS,long,4722.8,4719.1,4728.8,4719.1,4728.8,1191
2026-05-08 14:25:00,BOS,long,4735.3,4730.1,4743.6,4730.1,4743.6,1203
2026-05-08 14:45:00,MSS,short,4736.5,4740.9,4729.4,4740.9,4729.4,1208
2026-05-08 15:45:00,MSS,long,4718.1,4715.7,4722.0,4715.7,4722.0,1220
2026-05-08 16:15:00,BOS,long,4719.0,4715.6,4724.6,4715.6,4724.6,1225
2026-05-08 17:30:00,MSS,short,4727.4,4732.4,4719.2,4732.4,4719.2,1240
2026-05-08 18:35:00,MSS,long,4732.9,4729.9,4737.7,4729.9,4737.7,1254
2026-05-08 18:45:00,MSS,short,4734.3,4737.7,4728.7,4737.7,4728.7,1255
2026-05-08 19:40:00,BOS,short,4733.9,4735.9,4730.6,4735.9,4730.6,1267
2026-05-08 20:05:00,BOS,short,4725.4,4729.9,4718.0,4729.9,4718.0,1271
2026-05-08 20:30:00,MSS,long,4720.5,4712.1,4734.2,4712.1,4734.2,1275
2026-05-08 21:30:00,BOS,long,4736.7,4725.8,4754.4,4725.8,4754.4,1286
2026-05-08 22:05:00,MSS,short,4750.6,4760.1,4735.2,4760.1,4735.2,1296
2026-05-08 22:25:00,BOS,short,4736.2,4743.7,4724.1,4743.7,4724.1,1299
2026-05-08 23:10:00,BOS,short,4725.1,4730.8,4715.8,4730.8,4715.8,1309
2026-05-09 00:10:00,MSS,long,4716.9,4713.7,4722.0,4713.7,4722.0,1319
2026-05-09 01:15:00,BOS,long,4725.2,4722.6,4729.5,4722.6,4729.5,1334
2026-05-09 01:50:00,BOS,long,4729.8,4728.8,4731.4,4728.8,4731.4,1341
2026-05-09 02:40:00,MSS,short,4736.6,4738.5,4733.5,4738.5,4733.5,1347
2026-05-09 03:30:00,BOS,short,4733.6,4734.9,4731.4,4734.9,4731.4,1361
2026-05-09 04:10:00,BOS,short,4732.7,4736.4,4726.7,4736.4,4726.7,1364
2026-05-11 07:00:00,MSS,long,4699.1,4695.1,4705.6,4695.1,4705.6,1388
2026-05-11 07:35:00,BOS,long,4704.4,4702.7,4707.2,4702.7,4707.2,1397
2026-05-11 07:55:00,MSS,short,4703.8,4707.3,4698.2,4707.3,4698.2,1402
2026-05-11 09:20:00,MSS,long,4699.6,4690.4,4714.4,4690.4,4714.4,1418
2026-05-11 09:50:00,MSS,short,4700.7,4704.9,4693.9,4704.9,4693.9,1425
2026-05-11 10:35:00,MSS,long,4697.9,4691.1,4709.0,4691.1,4709.0,1432
2026-05-11 10:50:00,MSS,short,4700.6,4709.0,4687.1,4709.0,4687.1,1435
2026-05-11 11:45:00,BOS,short,4693.2,4695.8,4688.9,4695.8,4688.9,1448
2026-05-11 12:15:00,BOS,short,4690.3,4695.8,4681.3,4695.8,4681.3,1448
2026-05-11 13:25:00,BOS,short,4681.1,4682.9,4678.3,4682.9,4678.3,1468
2026-05-11 13:30:00,MSS,long,4681.6,4678.3,4687.0,4678.3,4687.0,1469
2026-05-11 13:40:00,MSS,short,4681.2,4688.4,4669.6,4688.4,4669.6,1471
2026-05-11 14:35:00,MSS,long,4675.5,4671.3,4682.4,4671.3,4682.4,1481
2026-05-11 14:50:00,BOS,long,4677.9,4671.3,4688.7,4671.3,4688.7,1481
2026-05-11 15:45:00,MSS,short,4681.8,4686.0,4675.0,4686.0,4675.0,1496
2026-05-11 16:10:00,MSS,long,4676.6,4673.0,4682.3,4673.0,4682.3,1500
2026-05-11 16:50:00,MSS,short,4678.3,4680.2,4675.3,4680.2,4675.3,1509
2026-05-11 17:15:00,BOS,short,4676.4,4678.5,4673.0,4678.5,4673.0,1513
2026-05-11 18:20:00,MSS,long,4670.8,4668.8,4674.0,4668.8,4674.0,1527
2026-05-11 19:00:00,BOS,long,4675.3,4671.9,4680.9,4671.9,4680.9,1535
2026-05-11 19:25:00,BOS,long,4677.8,4676.0,4680.6,4676.0,4680.6,1540
2026-05-11 19:35:00,BOS,long,4679.2,4676.0,4684.5,4676.0,4684.5,1540
2026-05-11 20:05:00,MSS,short,4681.8,4684.5,4677.4,4684.5,4677.4,1548
2026-05-11 20:20:00,MSS,long,4686.7,4675.7,4704.5,4675.7,4704.5,1550
2026-05-11 20:55:00,BOS,long,4700.9,4695.1,4710.3,4695.1,4710.3,1557
2026-05-11 22:00:00,MSS,short,4748.1,4754.6,4737.6,4754.6,4737.6,1571
2026-05-11 23:15:00,MSS,long,4737.1,4732.5,4744.5,4732.5,4744.5,1584
2026-05-12 00:25:00,MSS,short,4738.8,4743.3,4731.6,4743.3,4731.6,1596
2026-05-12 00:35:00,BOS,short,4732.4,4735.8,4727.0,4735.8,4727.0,1602
2026-05-12 01:00:00,MSS,long,4725.0,4722.6,4728.9,4722.6,4728.9,1607
2026-05-12 01:20:00,BOS,long,4727.4,4725.3,4730.7,4725.3,4730.7,1610
2026-05-12 02:05:00,BOS,long,4733.1,4731.0,4736.5,4731.0,4736.5,1618
2026-05-12 02:55:00,MSS,short,4735.7,4736.9,4733.8,4736.9,4733.8,1630
2026-05-12 03:20:00,BOS,short,4735.8,4737.6,4732.8,4737.6,4732.8,1633
2026-05-12 03:45:00,MSS,long,4735.3,4731.6,4741.2,4731.6,4741.2,1638
2026-05-12 04:30:00,BOS,long,4745.2,4743.1,4748.7,4743.1,4748.7,1648
2026-05-12 06:00:00,BOS,long,4746.5,4742.6,4752.9,4742.6,4752.9,1654
2026-05-12 06:40:00,BOS,long,4751.1,4748.5,4755.2,4748.5,4755.2,1662
2026-05-12 07:30:00,BOS,long,4763.1,4760.0,4768.0,4760.0,4768.0,1673
2026-05-12 08:15:00,BOS,long,4773.9,4768.0,4783.5,4768.0,4783.5,1680
2026-05-12 08:40:00,MSS,short,4777.2,4783.5,4767.1,4783.5,4767.1,1683
2026-05-12 08:50:00,BOS,short,4768.1,4772.3,4761.3,4772.3,4761.3,1689
2026-05-12 10:10:00,MSS,long,4738.1,4734.7,4743.5,4734.7,4743.5,1705
2026-05-12 10:40:00,BOS,long,4735.2,4731.4,4741.3,4731.4,4741.3,1710
2026-05-12 11:15:00,MSS,short,4738.7,4741.3,4734.5,4741.3,4734.5,1718
2026-05-12 11:45:00,BOS,short,4733.5,4736.9,4728.1,4736.9,4728.1,1723
2026-05-12 12:15:00,MSS,long,4733.6,4730.0,4739.4,4730.0,4739.4,1730
2026-05-12 12:45:00,MSS,short,4732.5,4735.7,4727.3,4735.7,4727.3,1735
2026-05-12 13:05:00,BOS,short,4724.2,4727.8,4718.3,4727.8,4718.3,1740
2026-05-12 14:00:00,BOS,short,4722.5,4728.9,4712.2,4728.9,4712.2,1751
2026-05-12 14:45:00,BOS,short,4709.4,4713.0,4703.6,4713.0,4703.6,1759
2026-05-12 16:00:00,MSS,long,4709.1,4705.7,4714.7,4705.7,4714.7,1773
2026-05-12 17:10:00,MSS,short,4711.1,4714.4,4705.7,4714.4,4705.7,1785
2026-05-12 17:30:00,MSS,long,4708.4,4705.2,4713.5,4705.2,4713.5,1793
2026-05-12 17:40:00,MSS,short,4709.3,4713.5,4702.5,4713.5,4702.5,1794
2026-05-12 18:05:00,MSS,long,4707.9,4702.5,4716.6,4702.5,4716.6,1796
2026-05-12 18:35:00,MSS,short,4707.4,4717.2,4691.6,4717.2,4691.6,1802
2026-05-12 19:15:00,MSS,long,4699.0,4694.8,4705.9,4694.8,4705.9,1813
2026-05-12 20:20:00,MSS,short,4711.8,4716.3,4704.6,4716.3,4704.6,1827
2026-05-12 20:30:00,BOS,short,4709.0,4716.3,4697.1,4716.3,4697.1,1827
2026-05-12 20:50:00,MSS,long,4705.7,4697.1,4719.7,4697.1,4719.7,1830
2026-05-12 21:15:00,MSS,short,4707.1,4719.7,4686.8,4719.7,4686.8,1834
2026-05-12 21:35:00,MSS,long,4697.6,4692.4,4706.0,4692.4,4706.0,1842
2026-05-12 21:55:00,MSS,short,4699.9,4709.5,4684.3,4709.5,4684.3,1844
2026-05-12 23:00:00,BOS,short,4687.5,4695.6,4674.4,4695.6,4674.4,1855
2026-05-13 00:00:00,MSS,long,4658.1,4645.3,4678.9,4645.3,4678.9,1865
2026-05-13 01:00:00,BOS,long,4678.0,4673.7,4684.9,4673.7,4684.9,1881
2026-05-13 01:15:00,BOS,long,4684.4,4682.0,4688.2,4682.0,4688.2,1886
2026-05-13 02:25:00,BOS,long,4687.8,4683.3,4695.0,4683.3,4695.0,1897
2026-05-13 03:50:00,BOS,long,4717.0,4714.3,4721.3,4714.3,4721.3,1916
2026-05-13 06:00:00,BOS,long,4724.0,4720.6,4729.4,4720.6,4729.4,1931
2026-05-13 06:50:00,BOS,long,4726.0,4723.2,4730.4,4723.2,4730.4,1940
2026-05-13 07:45:00,MSS,short,4727.0,4729.5,4722.9,4729.5,4722.9,1951
2026-05-13 08:00:00,MSS,long,4726.9,4722.9,4733.4,4722.9,4733.4,1953
2026-05-13 08:55:00,MSS,short,4728.5,4733.2,4720.8,4733.2,4720.8,1964
2026-05-13 09:15:00,BOS,short,4720.0,4724.5,4712.8,4724.5,4712.8,1970
2026-05-13 10:30:00,BOS,short,4709.4,4712.6,4704.2,4712.6,4704.2,1984
2026-05-13 10:50:00,BOS,short,4706.8,4712.6,4697.3,4712.6,4697.3,1984
2026-05-13 11:15:00,MSS,long,4699.1,4697.0,4702.6,4697.0,4702.6,1993
2026-05-13 12:40:00,MSS,short,4709.1,4711.5,4705.3,4711.5,4705.3,2010
2026-05-13 13:00:00,MSS,long,4709.8,4706.6,4714.9,4706.6,4714.9,2015
2026-05-13 13:25:00,MSS,short,4711.7,4715.4,4705.8,4715.4,4705.8,2017
2026-05-13 13:40:00,BOS,short,4711.0,4715.4,4704.0,4715.4,4704.0,2017
2026-05-13 13:55:00,MSS,long,4707.4,4703.8,4713.1,4703.8,4713.1,2026
2026-05-13 14:50:00,MSS,short,4717.4,4721.8,4710.3,4721.8,4710.3,2036
2026-05-13 15:05:00,BOS,short,4710.1,4713.6,4704.5,4713.6,4704.5,2040
2026-05-13 15:25:00,MSS,long,4709.1,4704.5,4716.6,4704.5,4716.6,2041
2026-05-13 16:50:00,BOS,long,4704.4,4702.0,4708.2,4702.0,4708.2,2061
2026-05-13 17:10:00,MSS,short,4706.6,4710.2,4700.7,4710.2,4700.7,2063
2026-05-13 18:05:00,MSS,long,4702.9,4693.3,4718.3,4693.3,4718.3,2070
2026-05-13 18:25:00,MSS,short,4710.7,4713.5,4706.1,4713.5,4706.1,2080
2026-05-13 19:10:00,MSS,long,4701.9,4698.8,4706.9,4698.8,4706.9,2089
2026-05-13 19:55:00,MSS,short,4710.5,4713.9,4705.1,4713.9,4705.1,2097
2026-05-13 20:10:00,BOS,short,4706.2,4709.5,4700.9,4709.5,4700.9,2101
2026-05-13 21:00:00,MSS,long,4690.4,4685.7,4697.9,4685.7,4697.9,2111
2026-05-13 21:30:00,MSS,short,4697.0,4701.9,4689.1,4701.9,4689.1,2116
2026-05-13 22:25:00,MSS,long,4684.8,4680.0,4692.6,4680.0,4692.6,2127
2026-05-13 23:25:00,BOS,long,4694.7,4691.9,4699.3,4691.9,4699.3,2140
2026-05-13 23:30:00,BOS,long,4696.3,4691.9,4703.5,4691.9,4703.5,2140
2026-05-14 00:05:00,BOS,long,4705.1,4702.2,4709.7,4702.2,4709.7,2146
2026-05-14 00:20:00,BOS,long,4710.5,4706.1,4717.6,4706.1,4717.6,2151
2026-05-14 00:50:00,MSS,short,4712.2,4717.9,4703.0,4717.9,4703.0,2153
2026-05-14 01:30:00,BOS,short,4705.0,4709.2,4698.2,4709.2,4698.2,2164
2026-05-14 01:50:00,BOS,short,4700.1,4702.5,4696.1,4702.5,4696.1,2169
2026-05-14 02:40:00,BOS,short,4698.0,4700.9,4693.4,4700.9,4693.4,2178
2026-05-14 03:10:00,MSS,long,4693.3,4690.9,4697.1,4690.9,4697.1,2185
2026-05-14 03:30:00,MSS,short,4696.2,4698.7,4692.2,4698.7,4692.2,2187
2026-05-14 04:10:00,MSS,long,4694.5,4691.7,4699.1,4691.7,4699.1,2194
2026-05-14 06:00:00,BOS,long,4697.7,4695.6,4701.0,4695.6,4701.0,2206
2026-05-14 06:35:00,BOS,long,4703.3,4701.6,4706.1,4701.6,4706.1,2214
2026-05-14 07:05:00,BOS,long,4705.1,4703.1,4708.3,4703.1,4708.3,2217
2026-05-14 07:30:00,MSS,short,4705.8,4709.0,4700.7,4709.0,4700.7,2222
2026-05-14 07:45:00,BOS,short,4702.8,4704.6,4699.8,4704.6,4699.8,2228
2026-05-14 08:00:00,BOS,short,4700.9,4703.8,4696.2,4703.8,4696.2,2231
2026-05-14 08:10:00,MSS,long,4702.0,4699.8,4705.6,4699.8,4705.6,2229
2026-05-14 08:30:00,MSS,short,4709.1,4712.5,4703.6,4712.5,4703.6,2235
2026-05-14 08:45:00,MSS,long,4704.3,4699.7,4711.7,4699.7,4711.7,2240
2026-05-14 08:55:00,BOS,long,4709.2,4706.3,4713.9,4706.3,4713.9,2242
2026-05-14 09:00:00,MSS,short,4709.0,4713.9,4701.1,4713.9,4701.1,2243
2026-05-14 10:30:00,MSS,long,4697.6,4693.1,4704.8,4693.1,4704.8,2258
2026-05-14 10:45:00,MSS,short,4699.1,4706.6,4686.9,4706.6,4686.9,2263
2026-05-14 11:20:00,MSS,long,4690.3,4687.7,4694.4,4687.7,4694.4,2270
2026-05-14 11:35:00,MSS,short,4694.0,4699.5,4685.1,4699.5,4685.1,2273
2026-05-14 12:25:00,MSS,long,4688.5,4673.0,4713.7,4673.0,4713.7,2280
2026-05-14 13:15:00,MSS,short,4708.6,4711.3,4704.2,4711.3,4704.2,2293
2026-05-14 13:55:00,BOS,short,4704.8,4710.4,4695.8,4710.4,4695.8,2301
2026-05-14 14:40:00,MSS,long,4698.0,4692.7,4706.5,4692.7,4706.5,2306
2026-05-14 15:25:00,BOS,long,4705.6,4700.7,4713.4,4700.7,4713.4,2318
2026-05-14 15:55:00,MSS,short,4715.0,4725.8,4697.5,4725.8,4697.5,2323
2026-05-14 16:25:00,MSS,long,4707.2,4704.4,4711.7,4704.4,4711.7,2332
2026-05-14 16:40:00,MSS,short,4709.4,4713.7,4702.4,4713.7,4702.4,2335
2026-05-14 16:55:00,BOS,short,4708.3,4713.7,4699.5,4713.7,4699.5,2335
2026-05-14 17:40:00,MSS,long,4698.1,4694.6,4703.8,4694.6,4703.8,2347
2026-05-14 18:10:00,MSS,short,4705.3,4707.2,4702.3,4707.2,4702.3,2353
2026-05-14 18:45:00,BOS,short,4702.3,4704.8,4698.3,4704.8,4698.3,2357
2026-05-14 19:20:00,BOS,short,4703.2,4705.4,4699.6,4705.4,4699.6,2364
2026-05-14 19:50:00,MSS,long,4701.7,4695.7,4711.3,4695.7,4711.3,2369
2026-05-14 20:20:00,BOS,long,4704.9,4698.7,4715.0,4698.7,4715.0,2376
2026-05-14 20:40:00,MSS,short,4712.1,4716.9,4704.4,4716.9,4704.4,2383
2026-05-14 21:15:00,BOS,short,4706.4,4711.7,4697.8,4711.7,4697.8,2390
2026-05-14 21:25:00,BOS,short,4704.9,4711.7,4694.0,4711.7,4694.0,2390
2026-05-14 22:15:00,MSS,long,4690.3,4683.3,4701.5,4683.3,4701.5,2400
2026-05-14 22:55:00,MSS,short,4692.4,4696.8,4685.4,4696.8,4685.4,2410
2026-05-14 23:40:00,BOS,short,4692.1,4695.3,4686.9,4695.3,4686.9,2419
2026-05-15 00:00:00,BOS,short,4689.6,4692.9,4684.3,4692.9,4684.3,2423
2026-05-15 00:30:00,BOS,short,4684.6,4687.6,4679.7,4687.6,4679.7,2427
2026-05-15 01:00:00,MSS,long,4681.1,4676.2,4689.1,4676.2,4689.1,2431
2026-05-15 01:25:00,MSS,short,4687.3,4689.9,4683.0,4689.9,4683.0,2440
2026-05-15 02:00:00,BOS,short,4682.9,4688.1,4674.6,4688.1,4674.6,2445
2026-05-15 02:40:00,BOS,short,4679.3,4682.5,4674.2,4682.5,4674.2,2452
2026-05-15 02:55:00,MSS,long,4674.4,4672.3,4677.9,4672.3,4677.9,2457
2026-05-15 03:25:00,MSS,short,4672.2,4674.8,4667.9,4674.8,4667.9,2464
2026-05-15 04:00:00,BOS,short,4660.4,4664.3,4654.2,4664.3,4654.2,2470
2026-05-15 06:05:00,MSS,long,4654.8,4650.1,4662.3,4650.1,4662.3,2484
2026-05-15 06:50:00,BOS,long,4663.5,4661.2,4667.1,4661.2,4667.1,2489
2026-05-15 07:10:00,MSS,short,4665.9,4667.8,4662.9,4667.8,4662.9,2496
2026-05-15 07:25:00,MSS,long,4663.2,4659.6,4669.0,4659.6,4669.0,2500
2026-05-15 07:30:00,MSS,short,4663.4,4669.0,4654.3,4669.0,4654.3,2501
2026-05-15 08:25:00,BOS,short,4651.0,4662.7,4632.2,4662.7,4632.2,2511
2026-05-15 08:55:00,MSS,long,4627.1,4621.8,4635.8,4621.8,4635.8,2518
2026-05-15 09:05:00,MSS,short,4628.0,4636.7,4613.8,4636.7,4613.8,2520
2026-05-15 10:40:00,MSS,long,4616.7,4613.5,4622.0,4613.5,4622.0,2538
2026-05-15 11:25:00,MSS,short,4622.2,4626.2,4615.8,4626.2,4615.8,2545
2026-05-15 12:05:00,MSS,long,4618.7,4614.4,4625.6,4614.4,4625.6,2555
2026-05-15 12:40:00,MSS,short,4614.9,4619.0,4608.3,4619.0,4608.3,2562
2026-05-15 13:15:00,BOS,short,4604.8,4616.8,4585.5,4616.8,4585.5,2566
2026-05-15 13:30:00,BOS,short,4585.6,4594.4,4571.4,4594.4,4571.4,2573
2026-05-15 13:45:00,BOS,short,4574.4,4579.8,4565.7,4579.8,4565.7,2576
2026-05-15 13:55:00,BOS,short,4570.9,4577.2,4560.6,4577.2,4560.6,2578
2026-05-15 14:15:00,MSS,long,4568.4,4560.0,4582.1,4560.0,4582.1,2580
2026-05-15 14:40:00,MSS,short,4579.7,4584.9,4571.2,4584.9,4571.2,2586
2026-05-15 15:10:00,MSS,long,4577.9,4569.8,4591.0,4569.8,4591.0,2592
2026-05-15 16:00:00,MSS,short,4575.4,4584.0,4561.6,4584.0,4561.6,2601
2026-05-15 16:40:00,MSS,long,4558.7,4553.2,4567.5,4553.2,4567.5,2610
2026-05-15 17:10:00,MSS,short,4561.1,4568.2,4549.5,4568.2,4549.5,2617
2026-05-15 17:45:00,BOS,short,4552.8,4559.8,4541.5,4559.8,4541.5,2622
2026-05-15 18:05:00,MSS,long,4546.4,4535.7,4563.7,4535.7,4563.7,2626
2026-05-15 18:50:00,BOS,long,4562.5,4553.6,4576.8,4553.6,4576.8,2636
2026-05-15 19:30:00,MSS,short,4569.4,4573.5,4562.8,4573.5,4562.8,2643
2026-05-15 20:00:00,BOS,short,4558.3,4563.4,4550.0,4563.4,4550.0,2650
2026-05-15 20:10:00,BOS,short,4554.4,4557.5,4549.3,4557.5,4549.3,2653
2026-05-15 20:20:00,MSS,long,4554.4,4549.1,4562.9,4549.1,4562.9,2655
2026-05-15 21:35:00,MSS,short,4549.8,4561.8,4530.3,4561.8,4530.3,2669
2026-05-15 22:10:00,MSS,long,4538.8,4529.1,4554.6,4529.1,4554.6,2676
2026-05-15 22:45:00,MSS,short,4561.0,4565.0,4554.5,4565.0,4554.5,2683
2026-05-15 22:55:00,MSS,long,4558.0,4550.1,4570.9,4550.1,4570.9,2686
2026-05-15 23:15:00,MSS,short,4558.9,4564.3,4550.1,4564.3,4550.1,2690
2026-05-15 23:35:00,BOS,short,4551.2,4554.6,4545.6,4554.6,4545.6,2694
2026-05-15 23:50:00,BOS,short,4549.1,4554.6,4540.3,4554.6,4540.3,2694
2026-05-16 00:05:00,BOS,short,4541.5,4546.5,4533.3,4546.5,4533.3,2700
2026-05-16 00:30:00,MSS,long,4539.1,4533.2,4548.6,4533.2,4548.6,2702
2026-05-16 01:00:00,BOS,long,4549.7,4545.6,4556.4,4545.6,4556.4,2711
2026-05-16 01:20:00,BOS,long,4562.1,4558.4,4568.0,4558.4,4568.0,2715
2026-05-16 02:10:00,BOS,long,4562.6,4560.2,4566.6,4560.2,4566.6,2725
2026-05-16 02:15:00,MSS,short,4562.9,4566.6,4556.9,4566.6,4556.9,2726
2026-05-16 03:05:00,BOS,short,4562.5,4566.9,4555.4,4566.9,4555.4,2734
2026-05-16 03:35:00,MSS,long,4555.1,4552.5,4559.4,4552.5,4559.4,2741
2026-05-16 03:55:00,MSS,short,4555.4,4559.4,4548.9,4559.4,4548.9,2743
2026-05-16 04:30:00,MSS,long,4541.2,4537.0,4548.0,4537.0,4548.0,2752
2026-05-18 06:00:00,BOS,long,4544.1,4540.4,4550.0,4540.4,4550.0,2758
2026-05-18 07:25:00,MSS,short,4545.3,4548.1,4540.8,4548.1,4540.8,2776
2026-05-18 08:00:00,BOS,short,4542.5,4548.0,4533.6,4548.0,4533.6,2782
2026-05-18 08:20:00,BOS,short,4536.3,4546.5,4519.7,4546.5,4519.7,2784
2026-05-18 09:20:00,MSS,long,4501.5,4495.5,4511.3,4495.5,4511.3,2799
2026-05-18 09:40:00,BOS,long,4503.3,4495.5,4515.8,4495.5,4515.8,2799
2026-05-18 10:10:00,BOS,long,4531.3,4524.6,4542.1,4524.6,4542.1,2808
2026-05-18 11:25:00,BOS,long,4534.1,4529.5,4541.6,4529.5,4541.6,2822
2026-05-18 11:40:00,BOS,long,4537.1,4528.1,4551.7,4528.1,4551.7,2827
2026-05-18 13:00:00,MSS,short,4544.5,4549.4,4536.5,4549.4,4536.5,2842
2026-05-18 13:15:00,MSS,long,4542.8,4536.5,4553.0,4536.5,4553.0,2844
2026-05-18 13:55:00,MSS,short,4547.5,4556.3,4533.2,4556.3,4533.2,2850
2026-05-18 14:20:00,MSS,long,4540.3,4535.8,4547.7,4535.8,4547.7,2858
2026-05-18 15:25:00,BOS,long,4546.9,4541.8,4555.2,4541.8,4555.2,2872
2026-05-18 16:20:00,BOS,long,4549.0,4546.1,4553.7,4546.1,4553.7,2882
2026-05-18 16:30:00,BOS,long,4550.3,4546.1,4557.0,4546.1,4557.0,2882
2026-05-18 17:00:00,MSS,short,4554.9,4561.0,4545.0,4561.0,4545.0,2890
2026-05-18 18:05:00,BOS,short,4545.9,4549.0,4540.8,4549.0,4540.8,2904
2026-05-18 18:30:00,BOS,short,4542.3,4546.2,4536.0,4546.2,4536.0,2907
2026-05-18 18:40:00,MSS,long,4540.0,4535.4,4547.5,4535.4,4547.5,2911
2026-05-18 19:30:00,BOS,long,4540.9,4535.6,4549.4,4535.6,4549.4,2920
2026-05-18 20:30:00,BOS,long,4555.5,4548.7,4566.6,4548.7,4566.6,2932
2026-05-18 21:30:00,BOS,long,4572.6,4565.4,4584.3,4565.4,4584.3,2942
2026-05-18 21:50:00,BOS,long,4575.2,4566.9,4588.7,4566.9,4588.7,2949
2026-05-18 22:30:00,MSS,short,4564.9,4574.5,4549.4,4574.5,4549.4,2954
2026-05-18 23:05:00,BOS,short,4547.2,4553.0,4537.8,4553.0,4537.8,2962
2026-05-19 00:10:00,MSS,long,4547.8,4544.4,4553.3,4544.4,4553.3,2976
2026-05-19 00:25:00,MSS,short,4548.4,4555.1,4537.6,4555.1,4537.6,2980
2026-05-19 00:50:00,MSS,long,4545.7,4537.6,4558.7,4537.6,4558.7,2981
2026-05-19 01:00:00,BOS,long,4546.8,4537.6,4561.7,4537.6,4561.7,2981
2026-05-19 02:00:00,MSS,short,4552.5,4555.4,4547.7,4555.4,4547.7,2996
2026-05-19 02:15:00,BOS,short,4549.4,4552.1,4545.1,4552.1,4545.1,3001
2026-05-19 02:55:00,BOS,short,4543.9,4547.5,4538.0,4547.5,4538.0,3009
2026-05-19 03:00:00,MSS,long,4550.0,4538.0,4569.5,4538.0,4569.5,3011
2026-05-19 04:15:00,BOS,long,4565.4,4561.8,4571.2,4561.8,4571.2,3023
2026-05-19 04:55:00,BOS,long,4569.0,4567.5,4571.3,4567.5,4571.3,3034
2026-05-19 06:35:00,BOS,long,4576.8,4574.9,4580.0,4574.9,4580.0,3041
2026-05-19 07:00:00,BOS,long,4580.1,4576.7,4585.7,4576.7,4585.7,3047
2026-05-19 07:55:00,MSS,short,4588.2,4591.9,4582.3,4591.9,4582.3,3055
2026-05-19 08:25:00,BOS,short,4582.5,4589.3,4571.6,4589.3,4571.6,3064
2026-05-19 08:50:00,BOS,short,4575.6,4579.8,4568.9,4579.8,4568.9,3066
2026-05-19 09:20:00,BOS,short,4566.3,4571.9,4557.3,4571.9,4557.3,3075
2026-05-19 09:30:00,MSS,long,4560.4,4557.3,4565.3,4557.3,4565.3,3076
2026-05-19 10:10:00,MSS,short,4567.7,4575.8,4554.7,4575.8,4554.7,3080
2026-05-19 10:50:00,BOS,short,4558.2,4562.6,4551.2,4562.6,4551.2,3092
2026-05-19 11:35:00,MSS,long,4553.1,4550.0,4558.2,4550.0,4558.2,3102
2026-05-19 12:00:00,MSS,short,4549.6,4552.8,4544.4,4552.8,4544.4,3106
2026-05-19 12:10:00,BOS,short,4546.2,4548.8,4541.9,4548.8,4541.9,3109
2026-05-19 13:00:00,MSS,long,4543.7,4540.9,4548.2,4540.9,4548.2,3114
2026-05-19 13:20:00,MSS,short,4543.4,4549.8,4533.0,4549.8,4533.0,3122
2026-05-19 14:15:00,MSS,long,4542.9,4536.5,4553.3,4536.5,4553.3,3132
2026-05-19 14:45:00,MSS,short,4552.4,4556.1,4546.3,4556.1,4546.3,3140
2026-05-19 15:05:00,MSS,long,4551.9,4547.5,4558.9,4547.5,4558.9,3144
2026-05-19 15:40:00,MSS,short,4549.8,4553.0,4544.6,4553.0,4544.6,3150
2026-05-19 15:45:00,MSS,long,4549.6,4544.6,4557.8,4544.6,4557.8,3152
2026-05-19 16:20:00,MSS,short,4547.9,4551.5,4542.2,4551.5,4542.2,3159
2026-05-19 18:40:00,BOS,short,4539.6,4546.6,4528.4,4546.6,4528.4,3187
2026-05-19 18:55:00,MSS,long,4535.9,4528.4,4548.1,4528.4,4548.1,3188
2026-05-19 19:50:00,MSS,short,4543.4,4547.1,4537.5,4547.1,4537.5,3200
2026-05-19 21:00:00,BOS,short,4537.6,4545.3,4525.2,4545.3,4525.2,3215
2026-05-19 21:20:00,BOS,short,4520.4,4529.5,4505.6,4529.5,4505.6,3218
2026-05-19 22:00:00,MSS,long,4489.0,4472.5,4515.6,4472.5,4515.6,3224
2026-05-19 22:10:00,MSS,short,4508.5,4517.1,4494.5,4517.1,4494.5,3229
2026-05-19 23:15:00,MSS,long,4499.0,4492.9,4508.9,4492.9,4508.9,3241
2026-05-19 23:55:00,BOS,long,4507.1,4503.7,4512.7,4503.7,4512.7,3249
2026-05-20 00:05:00,MSS,short,4508.7,4513.7,4500.6,4513.7,4500.6,3252
2026-05-20 01:10:00,MSS,long,4511.0,4508.7,4514.6,4508.7,4514.6,3265
2026-05-20 01:20:00,MSS,short,4511.5,4514.7,4506.4,4514.7,4506.4,3267
2026-05-20 01:45:00,BOS,short,4508.8,4512.0,4503.7,4512.0,4503.7,3269
2026-05-20 02:05:00,MSS,long,4504.4,4502.5,4507.4,4502.5,4507.4,3274
2026-05-20 02:20:00,MSS,short,4504.1,4507.4,4498.7,4507.4,4498.7,3277
2026-05-20 03:20:00,BOS,short,4496.4,4500.7,4489.5,4500.7,4489.5,3290
2026-05-20 03:50:00,BOS,short,4490.1,4492.1,4486.9,4492.1,4486.9,3297
2026-05-20 04:35:00,BOS,short,4489.7,4491.7,4486.4,4491.7,4486.4,3304
2026-05-20 04:55:00,BOS,short,4486.7,4487.8,4484.8,4487.8,4484.8,3310
2026-05-20 06:15:00,BOS,short,4486.0,4489.2,4480.8,4489.2,4480.8,3312
2026-05-20 06:30:00,MSS,long,4483.5,4481.3,4487.1,4481.3,4487.1,3317
2026-05-20 07:10:00,BOS,long,4485.5,4482.9,4489.8,4482.9,4489.8,3324
2026-05-20 07:15:00,BOS,long,4486.4,4482.9,4492.0,4482.9,4492.0,3324
2026-05-20 08:20:00,BOS,long,4487.1,4482.5,4494.6,4482.5,4494.6,3337
2026-05-20 09:00:00,MSS,short,4505.2,4513.0,4492.5,4513.0,4492.5,3345
2026-05-20 09:20:00,BOS,short,4496.7,4503.4,4485.8,4503.4,4485.8,3350
2026-05-20 10:30:00,BOS,short,4481.2,4489.3,4468.0,4489.3,4468.0,3364
2026-05-20 10:40:00,BOS,short,4479.1,4489.3,4462.6,4489.3,4462.6,3364
2026-05-20 11:05:00,BOS,short,4463.9,4469.4,4454.9,4469.4,4454.9,3372
2026-05-20 12:00:00,MSS,long,4464.6,4459.8,4472.3,4459.8,4472.3,3381
2026-05-20 12:30:00,MSS,short,4469.2,4472.6,4463.8,4472.6,4463.8,3387
2026-05-20 13:00:00,MSS,long,4464.4,4458.5,4473.9,4458.5,4473.9,3393
2026-05-20 13:30:00,BOS,long,4474.2,4469.5,4481.8,4469.5,4481.8,3401
2026-05-20 13:45:00,MSS,short,4475.5,4481.8,4465.4,4481.8,4465.4,3402
2026-05-20 14:30:00,BOS,short,4476.2,4480.9,4468.7,4480.9,4468.7,3411
2026-05-20 15:05:00,MSS,long,4478.7,4473.9,4486.4,4473.9,4486.4,3419
2026-05-20 16:20:00,BOS,long,4481.9,4477.6,4488.9,4477.6,4488.9,3430
2026-05-20 17:25:00,MSS,short,4481.9,4486.1,4475.2,4486.1,4475.2,3448
2026-05-20 17:50:00,MSS,long,4487.8,4484.3,4493.4,4484.3,4493.4,3453
2026-05-20 19:15:00,MSS,short,4497.1,4499.0,4494.1,4499.0,4494.1,3470
2026-05-20 19:25:00,MSS,long,4497.4,4493.5,4503.7,4493.5,4503.7,3472
2026-05-20 20:30:00,BOS,long,4499.8,4495.2,4507.2,4495.2,4507.2,3484
2026-05-20 21:25:00,MSS,short,4502.6,4509.3,4491.7,4509.3,4491.7,3494
2026-05-20 22:00:00,BOS,short,4490.5,4495.0,4483.2,4495.0,4483.2,3501
2026-05-20 22:15:00,MSS,long,4483.6,4469.3,4506.8,4469.3,4506.8,3506
2026-05-20 23:15:00,BOS,long,4538.3,4526.5,4557.5,4526.5,4557.5,3518
2026-05-21 00:20:00,MSS,short,4534.3,4538.5,4527.5,4538.5,4527.5,3529
2026-05-21 01:05:00,MSS,long,4531.7,4527.0,4539.2,4527.0,4539.2,3533
2026-05-21 01:25:00,MSS,short,4538.1,4540.5,4534.2,4540.5,4534.2,3544
2026-05-21 02:30:00,MSS,long,4538.3,4535.1,4543.5,4535.1,4543.5,3557
2026-05-21 03:15:00,BOS,long,4546.4,4544.7,4549.2,4544.7,4549.2,3565
2026-05-21 03:35:00,BOS,long,4549.1,4546.2,4553.7,4546.2,4553.7,3568
2026-05-21 04:30:00,MSS,short,4550.6,4553.2,4546.4,4553.2,4546.4,3578
2026-05-21 06:05:00,BOS,short,4545.6,4549.2,4539.7,4549.2,4539.7,3588
2026-05-21 07:20:00,BOS,short,4540.0,4541.6,4537.3,4541.6,4537.3,3603
2026-05-21 07:35:00,MSS,long,4539.8,4535.5,4546.8,4535.5,4546.8,3605
2026-05-21 08:15:00,BOS,long,4546.1,4540.7,4554.9,4540.7,4554.9,3612
2026-05-21 09:05:00,BOS,long,4545.8,4541.4,4552.9,4541.4,4552.9,3624
2026-05-21 09:20:00,BOS,long,4552.2,4541.4,4569.8,4541.4,4569.8,3624
2026-05-21 09:50:00,MSS,short,4568.0,4572.5,4560.7,4572.5,4560.7,3632
2026-05-21 11:35:00,BOS,short,4538.6,4542.0,4533.1,4542.0,4533.1,3652
2026-05-21 11:50:00,BOS,short,4534.2,4537.9,4528.1,4537.9,4528.1,3656
2026-05-21 12:20:00,MSS,long,4532.1,4528.1,4538.5,4528.1,4538.5,3658
2026-05-21 12:55:00,BOS,long,4538.1,4536.6,4540.5,4536.6,4540.5,3669
2026-05-21 13:05:00,MSS,short,4538.0,4541.7,4532.0,4541.7,4532.0,3672
2026-05-21 13:25:00,BOS,short,4534.4,4541.7,4522.5,4541.7,4522.5,3672
2026-05-21 13:50:00,MSS,long,4523.6,4519.1,4531.0,4519.1,4531.0,3681
2026-05-21 14:40:00,MSS,short,4534.6,4541.2,4523.8,4541.2,4523.8,3688
2026-05-21 15:25:00,BOS,short,4520.5,4525.0,4513.3,4525.0,4513.3,3700
2026-05-21 16:05:00,MSS,long,4523.5,4519.2,4530.5,4519.2,4530.5,3708
2026-05-21 16:35:00,MSS,short,4534.1,4538.1,4527.7,4538.1,4527.7,3713
2026-05-21 17:10:00,MSS,long,4536.3,4532.9,4541.7,4532.9,4541.7,3721
2026-05-21 17:30:00,MSS,short,4540.3,4543.9,4534.5,4543.9,4534.5,3724
2026-05-21 18:00:00,MSS,long,4532.2,4530.7,4534.7,4530.7,4534.7,3731
2026-05-21 18:25:00,MSS,short,4527.2,4537.3,4510.8,4537.3,4510.8,3733
2026-05-21 19:30:00,BOS,short,4518.1,4522.4,4511.1,4522.4,4511.1,3748
2026-05-21 20:05:00,MSS,long,4514.7,4511.8,4519.5,4511.8,4519.5,3755
2026-05-21 20:15:00,MSS,short,4516.5,4520.3,4510.3,4520.3,4510.3,3758
2026-05-21 21:15:00,BOS,short,4507.3,4513.8,4496.9,4513.8,4496.9,3769
2026-05-21 21:50:00,MSS,long,4501.4,4488.5,4522.2,4488.5,4522.2,3775
2026-05-22 00:00:00,BOS,long,4514.3,4510.5,4520.4,4510.5,4520.4,3803
2026-05-22 01:10:00,BOS,long,4521.9,4515.0,4533.1,4515.0,4533.1,3817
2026-05-22 02:35:00,MSS,short,4549.2,4552.3,4544.1,4552.3,4544.1,3832
2026-05-22 02:45:00,BOS,short,4543.7,4548.6,4535.9,4548.6,4535.9,3836
2026-05-22 03:10:00,MSS,long,4534.3,4531.1,4539.6,4531.1,4539.6,3841
2026-05-22 03:50:00,MSS,short,4541.0,4544.5,4535.4,4544.5,4535.4,3848
2026-05-22 04:55:00,MSS,long,4542.3,4540.8,4544.8,4540.8,4544.8,3862
2026-05-22 06:00:00,BOS,long,4543.6,4540.8,4548.1,4540.8,4548.1,3862
2026-05-22 06:40:00,BOS,long,4542.5,4540.5,4545.7,4540.5,4545.7,3871
2026-05-22 07:15:00,MSS,short,4543.9,4545.2,4541.8,4545.2,4541.8,3878
2026-05-22 08:10:00,BOS,short,4535.3,4537.3,4532.1,4537.3,4532.1,3886
2026-05-22 08:35:00,MSS,long,4535.2,4530.8,4542.2,4530.8,4542.2,3891
2026-05-22 08:50:00,MSS,short,4536.9,4542.2,4528.2,4542.2,4528.2,3895
2026-05-22 09:05:00,BOS,short,4532.5,4537.6,4524.2,4537.6,4524.2,3900
2026-05-22 10:30:00,BOS,short,4526.3,4530.5,4519.6,4530.5,4519.6,3914
2026-05-22 11:40:00,MSS,long,4523.2,4519.9,4528.5,4519.9,4528.5,3929
2026-05-22 12:25:00,BOS,long,4530.4,4528.3,4533.9,4528.3,4533.9,3940
2026-05-22 12:35:00,MSS,short,4531.3,4533.9,4527.1,4533.9,4527.1,3941
2026-05-22 13:00:00,BOS,short,4528.7,4531.2,4524.6,4531.2,4524.6,3946
2026-05-22 13:35:00,MSS,long,4529.4,4525.9,4535.0,4525.9,4535.0,3954
2026-05-22 13:55:00,MSS,short,4525.0,4535.4,4508.3,4535.4,4508.3,3956
2026-05-22 14:25:00,MSS,long,4520.9,4517.1,4527.0,4517.1,4527.0,3963
2026-05-22 15:35:00,MSS,short,4524.2,4528.2,4517.7,4528.2,4517.7,3976
2026-05-22 16:15:00,MSS,long,4521.5,4516.5,4529.6,4516.5,4529.6,3980
2026-05-22 17:10:00,MSS,short,4522.8,4526.2,4517.3,4526.2,4517.3,3997
2026-05-22 17:35:00,MSS,long,4519.0,4515.2,4525.1,4515.2,4525.1,4002
2026-05-22 18:25:00,MSS,short,4533.2,4538.1,4525.4,4538.1,4525.4,4009
2026-05-22 19:00:00,MSS,long,4514.8,4513.1,4517.5,4513.1,4517.5,4019
2026-05-22 19:20:00,MSS,short,4516.2,4518.3,4512.9,4518.3,4512.9,4021
2026-05-22 19:30:00,MSS,long,4514.5,4512.2,4518.3,4512.2,4518.3,4025
2026-05-22 20:10:00,BOS,long,4523.7,4519.0,4531.4,4519.0,4531.4,4032
2026-05-22 20:35:00,MSS,short,4529.1,4537.4,4515.7,4537.4,4515.7,4035
2026-05-22 21:35:00,BOS,short,4524.8,4528.4,4518.9,4528.4,4518.9,4050
2026-05-22 23:05:00,MSS,long,4505.3,4501.0,4512.3,4501.0,4512.3,4067
2026-05-23 00:20:00,BOS,long,4519.3,4517.8,4521.8,4517.8,4521.8,4083
2026-05-23 00:40:00,MSS,short,4522.4,4528.8,4512.1,4528.8,4512.1,4086
2026-05-23 01:25:00,MSS,long,4519.5,4514.5,4527.6,4514.5,4527.6,4096
2026-05-23 02:00:00,MSS,short,4521.0,4525.9,4513.2,4525.9,4513.2,4100
2026-05-23 02:35:00,MSS,long,4518.6,4515.7,4523.3,4515.7,4523.3,4110
2026-05-23 02:45:00,MSS,short,4519.9,4523.3,4514.5,4523.3,4514.5,4111
2026-05-23 03:00:00,BOS,short,4515.5,4518.1,4511.2,4518.1,4511.2,4114
2026-05-23 03:35:00,MSS,long,4508.1,4505.9,4511.6,4505.9,4511.6,4122
2026-05-23 04:20:00,BOS,long,4508.4,4506.2,4511.9,4506.2,4511.9,4128
2026-05-23 04:30:00,MSS,short,4510.2,4511.9,4507.4,4511.9,4507.4,4132
2026-05-25 06:00:00,MSS,long,4524.5,4505.4,4555.5,4505.4,4555.5,4137
2026-05-25 06:30:00,BOS,long,4557.0,4553.2,4563.2,4553.2,4563.2,4145
2026-05-25 07:35:00,BOS,long,4578.0,4575.9,4581.4,4575.9,4581.4,4157
2026-05-25 07:55:00,MSS,short,4576.9,4582.7,4567.6,4582.7,4567.6,4160
2026-05-25 08:45:00,MSS,long,4575.8,4572.2,4581.6,4572.2,4581.6,4172
2026-05-25 08:55:00,MSS,short,4576.0,4581.6,4566.9,4581.6,4566.9,4173
2026-05-25 09:05:00,BOS,short,4571.8,4578.1,4561.5,4578.1,4561.5,4176
2026-05-25 10:05:00,MSS,long,4564.6,4561.7,4569.3,4561.7,4569.3,4187
2026-05-25 10:40:00,BOS,long,4563.8,4559.6,4570.7,4559.6,4570.7,4191
2026-05-25 11:40:00,MSS,short,4562.5,4565.1,4558.4,4565.1,4558.4,4207
2026-05-25 12:25:00,MSS,long,4562.9,4560.5,4566.7,4560.5,4566.7,4214
2026-05-25 13:00:00,BOS,long,4563.0,4560.4,4567.3,4560.4,4567.3,4219
2026-05-25 13:20:00,MSS,short,4563.4,4567.3,4557.1,4567.3,4557.1,4224
2026-05-25 14:20:00,MSS,long,4553.8,4551.3,4557.8,4551.3,4557.8,4237
2026-05-25 14:45:00,BOS,long,4556.7,4554.5,4560.3,4554.5,4560.3,4242
2026-05-25 15:45:00,BOS,long,4557.2,4553.2,4563.6,4553.2,4563.6,4252
2026-05-25 16:20:00,MSS,short,4562.8,4566.7,4556.6,4566.7,4556.6,4258
2026-05-25 17:25:00,MSS,long,4558.1,4556.5,4560.6,4556.5,4560.6,4273
2026-05-25 19:15:00,BOS,long,4572.5,4569.4,4577.5,4569.4,4577.5,4297
2026-05-25 19:35:00,BOS,long,4573.9,4571.2,4578.2,4571.2,4578.2,4301
2026-05-25 20:00:00,MSS,short,4574.0,4579.3,4565.3,4579.3,4565.3,4305
2026-05-25 21:40:00,MSS,long,4564.3,4562.5,4567.3,4562.5,4567.3,4325
2026-05-25 22:00:00,BOS,long,4564.5,4561.7,4569.1,4561.7,4569.1,4329
2026-05-25 22:20:00,BOS,long,4569.9,4568.6,4572.0,4568.6,4572.0,4334
2026-05-25 22:50:00,MSS,short,4569.1,4570.2,4567.2,4570.2,4567.2,4339
2026-05-25 23:10:00,MSS,long,4570.2,4566.9,4575.5,4566.9,4575.5,4345
2026-05-26 00:35:00,BOS,long,4571.2,4569.9,4573.2,4569.9,4573.2,4362
2026-05-26 00:55:00,BOS,long,4572.2,4569.9,4576.0,4569.9,4576.0,4362
2026-05-26 01:30:00,MSS,short,4577.4,4580.6,4572.3,4580.6,4572.3,4370
2026-05-26 02:25:00,MSS,long,4571.2,4569.8,4573.5,4569.8,4573.5,4384
2026-05-26 06:05:00,BOS,long,4571.5,4569.6,4574.7,4569.6,4574.7,4385
2026-05-26 06:30:00,MSS,short,4575.6,4577.3,4572.8,4577.3,4572.8,4391
2026-05-26 06:50:00,MSS,long,4574.0,4571.2,4578.4,4571.2,4578.4,4393
2026-05-26 07:10:00,BOS,long,4578.1,4575.7,4582.0,4575.7,4582.0,4398
2026-05-26 07:25:00,MSS,short,4577.8,4583.2,4569.1,4583.2,4569.1,4401
2026-05-26 08:00:00,BOS,short,4559.4,4564.9,4550.4,4564.9,4550.4,4409
2026-05-26 08:15:00,BOS,short,4549.7,4554.4,4542.2,4554.4,4542.2,4412
2026-05-26 08:50:00,BOS,short,4547.7,4552.6,4539.9,4552.6,4539.9,4419
2026-05-26 09:30:00,BOS,short,4545.3,4550.1,4537.6,4550.1,4537.6,4424
2026-05-26 10:05:00,MSS,long,4539.9,4539.9,4539.9,4539.9,4539.9,4420
2026-05-26 10:30:00,MSS,short,4538.1,4540.1,4534.8,4540.1,4534.8,4439
2026-05-26 10:45:00,BOS,short,4536.5,4539.5,4531.6,4539.5,4531.6,4441
2026-05-26 11:20:00,MSS,long,4535.9,4530.7,4544.4,4530.7,4544.4,4444
2026-05-26 12:00:00,MSS,short,4543.0,4544.3,4541.0,4544.3,4541.0,4456
2026-05-26 13:05:00,MSS,long,4526.2,4523.3,4530.9,4523.3,4530.9,4470
2026-05-26 13:30:00,BOS,long,4531.2,4529.2,4534.5,4529.2,4534.5,4475
2026-05-26 13:45:00,MSS,short,4532.1,4535.5,4526.6,4535.5,4526.6,4477
2026-05-26 14:20:00,MSS,long,4531.7,4529.5,4535.2,4529.5,4535.2,4484
2026-05-26 15:05:00,MSS,short,4531.8,4534.3,4527.8,4534.3,4527.8,4494
2026-05-26 15:45:00,MSS,long,4526.3,4521.7,4533.8,4521.7,4533.8,4501
2026-05-26 17:10:00,MSS,short,4523.1,4525.4,4519.3,4525.4,4519.3,4519
2026-05-26 17:35:00,BOS,short,4522.7,4526.7,4516.2,4526.7,4516.2,4523
2026-05-26 18:10:00,MSS,long,4524.4,4519.4,4532.6,4519.4,4532.6,4531
2026-05-26 19:10:00,MSS,short,4535.2,4537.0,4532.2,4537.0,4532.2,4543
2026-05-26 20:35:00,BOS,short,4510.5,4516.2,4501.3,4516.2,4501.3,4557
2026-05-26 20:45:00,MSS,long,4508.3,4500.3,4521.3,4500.3,4521.3,4560
2026-05-26 21:50:00,MSS,short,4524.9,4532.2,4513.0,4532.2,4513.0,4574
2026-05-26 22:10:00,BOS,short,4516.4,4521.3,4508.4,4521.3,4508.4,4579
2026-05-26 22:35:00,MSS,long,4515.0,4508.4,4525.6,4508.4,4525.6,4580
2026-05-26 23:20:00,MSS,short,4517.8,4525.6,4505.2,4525.6,4505.2,4585
2026-05-26 23:50:00,MSS,long,4505.7,4502.3,4511.2,4502.3,4511.2,4597
2026-05-27 00:10:00,MSS,short,4506.5,4511.2,4498.8,4511.2,4498.8,4600
2026-05-27 01:25:00,BOS,short,4504.5,4506.9,4500.5,4506.9,4500.5,4618
2026-05-27 01:55:00,BOS,short,4495.9,4501.2,4487.2,4501.2,4487.2,4624
2026-05-27 03:00:00,MSS,long,4488.0,4480.1,4500.8,4480.1,4500.8,4627
2026-05-27 06:05:00,MSS,short,4506.6,4508.5,4503.4,4508.5,4503.4,4661
2026-05-27 06:30:00,BOS,short,4507.0,4510.9,4500.8,4510.9,4500.8,4666
2026-05-27 06:50:00,MSS,long,4503.0,4500.0,4507.8,4500.0,4507.8,4671
2026-05-27 07:30:00,BOS,long,4509.3,4504.6,4516.8,4504.6,4516.8,4678
2026-05-27 08:20:00,MSS,short,4521.9,4525.8,4515.6,4525.8,4515.6,4686
2026-05-27 08:55:00,BOS,short,4518.9,4522.0,4514.0,4522.0,4514.0,4695
2026-05-27 09:10:00,MSS,long,4515.2,4512.0,4520.5,4512.0,4520.5,4699
2026-05-27 09:30:00,MSS,short,4517.7,4520.7,4512.9,4520.7,4512.9,4702
2026-05-27 10:35:00,BOS,short,4503.0,4505.3,4499.3,4505.3,4499.3,4715
2026-05-27 11:00:00,MSS,long,4502.0,4497.3,4509.7,4497.3,4509.7,4719
2026-05-27 11:55:00,MSS,short,4501.2,4504.7,4495.5,4504.7,4495.5,4731
2026-05-27 12:25:00,BOS,short,4500.7,4502.2,4498.3,4502.2,4498.3,4738
2026-05-27 12:40:00,MSS,long,4500.8,4496.8,4507.2,4496.8,4507.2,4740
2026-05-27 13:10:00,MSS,short,4504.3,4502.2,4507.7,4502.2,4507.7,4738
2026-05-27 13:30:00,BOS,short,4501.6,4507.4,4492.3,4507.4,4492.3,4751
2026-05-27 14:15:00,BOS,short,4494.7,4500.5,4485.4,4500.5,4485.4,4756
2026-05-27 15:10:00,BOS,short,4484.7,4487.9,4479.4,4487.9,4479.4,4770
2026-05-27 15:45:00,BOS,short,4483.6,4487.9,4476.7,4487.9,4476.7,4776
2026-05-27 16:15:00,MSS,long,4485.0,4482.3,4489.4,4482.3,4489.4,4784
2026-05-27 16:40:00,BOS,long,4488.7,4484.7,4495.2,4484.7,4495.2,4788
2026-05-27 17:50:00,BOS,long,4488.6,4486.8,4491.6,4486.8,4491.6,4802
2026-05-27 18:00:00,MSS,short,4488.8,4492.0,4483.6,4492.0,4483.6,4805
2026-05-27 19:25:00,BOS,short,4444.7,4449.8,4436.5,4449.8,4436.5,4821
2026-05-27 19:55:00,BOS,short,4434.4,4442.0,4422.1,4442.0,4422.1,4827
2026-05-27 20:15:00,MSS,long,4436.0,4426.2,4451.8,4426.2,4451.8,4832
2026-05-27 21:05:00,MSS,short,4443.0,4463.8,4409.3,4463.8,4409.3,4834
2026-05-27 21:25:00,BOS,short,4411.3,4419.2,4398.4,4419.2,4398.4,4845
2026-05-27 21:30:00,MSS,long,4407.5,4398.4,4422.2,4398.4,4422.2,4847
2026-05-27 22:45:00,MSS,short,4447.4,4454.0,4436.6,4454.0,4436.6,4858
2026-05-28 00:20:00,MSS,long,4436.4,4432.5,4442.8,4432.5,4442.8,4879
2026-05-28 01:00:00,MSS,short,4449.1,4451.4,4445.5,4451.4,4445.5,4888
2026-05-28 01:05:00,BOS,short,4447.3,4451.4,4440.6,4451.4,4440.6,4888
2026-05-28 01:25:00,MSS,long,4443.5,4439.7,4449.7,4439.7,4449.7,4892
2026-05-28 02:00:00,MSS,short,4450.8,4452.9,4447.3,4452.9,4447.3,4901
2026-05-28 02:20:00,MSS,long,4450.2,4446.0,4457.0,4446.0,4457.0,4903
2026-05-28 03:15:00,MSS,short,4451.4,4453.5,4447.9,4453.5,4447.9,4913
2026-05-28 03:35:00,MSS,long,4450.2,4448.1,4453.6,4448.1,4453.6,4920
2026-05-28 04:10:00,BOS,long,4450.1,4447.7,4453.9,4447.7,4453.9,4925
2026-05-28 06:00:00,BOS,long,4470.0,4449.9,4502.4,4449.9,4502.4,4934
2026-05-28 07:05:00,MSS,short,4486.0,4488.5,4481.9,4488.5,4481.9,4950
2026-05-28 07:45:00,BOS,short,4481.5,4484.4,4476.7,4484.4,4476.7,4957
2026-05-28 08:55:00,MSS,long,4484.6,4482.1,4488.6,4482.1,4488.6,4972
2026-05-28 09:00:00,MSS,short,4483.8,4488.6,4476.1,4488.6,4476.1,4973
2026-05-28 09:50:00,BOS,short,4449.9,4457.4,4437.8,4457.4,4437.8,4981
2026-05-28 10:00:00,BOS,short,4448.2,4457.4,4433.3,4457.4,4433.3,4981
2026-05-28 10:30:00,MSS,long,4434.3,4430.1,4441.0,4430.1,4441.0,4990
2026-05-28 10:45:00,MSS,short,4434.5,4441.0,4423.9,4441.0,4423.9,4992
2026-05-28 11:15:00,BOS,short,4422.2,4428.2,4412.5,4428.2,4412.5,4999
2026-05-28 11:30:00,BOS,short,4414.8,4418.3,4409.1,4418.3,4409.1,5003
2026-05-28 12:05:00,MSS,long,4403.3,4398.1,4411.6,4398.1,4411.6,5009
2026-05-28 12:25:00,MSS,short,4405.9,4411.6,4396.7,4411.6,4396.7,5011
2026-05-28 13:10:00,MSS,long,4400.0,4396.1,4406.4,4396.1,4406.4,5022
2026-05-28 13:30:00,BOS,long,4404.0,4396.1,4416.7,4396.1,4416.7,5022
2026-05-28 15:00:00,BOS,long,4411.4,4406.5,4419.4,4406.5,4419.4,5042
2026-05-28 15:15:00,BOS,long,4413.6,4406.5,4425.1,4406.5,4425.1,5042
2026-05-28 16:05:00,BOS,long,4416.6,4412.4,4423.3,4412.4,4423.3,5056
2026-05-28 16:55:00,MSS,short,4419.3,4421.7,4415.5,4421.7,4415.5,5068
2026-05-28 17:20:00,MSS,long,4421.3,4416.5,4429.1,4416.5,4429.1,5072
2026-05-28 18:05:00,BOS,long,4425.8,4421.9,4432.0,4421.9,4432.0,5082
2026-05-28 18:40:00,MSS,short,4427.0,4432.7,4417.8,4432.7,4417.8,5087
2026-05-28 19:00:00,MSS,long,4410.6,4405.3,4419.2,4405.3,4419.2,5092
2026-05-28 20:05:00,BOS,long,4415.8,4410.9,4423.6,4410.9,4423.6,5104
2026-05-28 20:20:00,MSS,short,4417.9,4423.1,4409.6,4423.1,4409.6,5109
2026-05-28 20:35:00,MSS,long,4418.4,4409.6,4432.7,4409.6,4432.7,5110
2026-05-28 21:30:00,MSS,short,4458.5,4464.8,4448.4,4464.8,4448.4,5122
2026-05-28 22:05:00,MSS,long,4459.2,4450.5,4473.3,4450.5,4473.3,5130
2026-05-28 22:40:00,BOS,long,4490.5,4483.2,4502.2,4483.2,4502.2,5137
2026-05-29 00:10:00,BOS,long,4510.8,4507.6,4516.1,4507.6,4516.1,5154
2026-05-29 00:40:00,BOS,long,4531.5,4528.1,4537.1,4528.1,4537.1,5160
2026-05-29 01:10:00,MSS,short,4541.7,4546.4,4534.1,4546.4,4534.1,5166
2026-05-29 01:25:00,BOS,short,4537.5,4541.2,4531.5,4541.2,4531.5,5168
2026-05-29 02:00:00,MSS,long,4537.6,4531.5,4547.4,4531.5,4547.4,5171
2026-05-29 02:30:00,MSS,short,4539.4,4543.9,4532.1,4543.9,4532.1,5181
2026-05-29 03:55:00,BOS,short,4531.7,4534.0,4527.9,4534.0,4527.9,5194
2026-05-29 04:35:00,BOS,short,4530.0,4531.7,4527.3,4531.7,4527.3,5208
2026-05-29 06:00:00,MSS,long,4527.8,4525.9,4530.9,4525.9,4530.9,5210
2026-05-29 06:05:00,MSS,short,4527.5,4530.9,4522.1,4530.9,4522.1,5214
2026-05-29 06:55:00,BOS,short,4524.8,4527.1,4521.2,4527.1,4521.2,5222
2026-05-29 07:40:00,BOS,short,4523.1,4525.5,4519.1,4525.5,4519.1,5232
2026-05-29 07:55:00,MSS,long,4522.1,4519.1,4527.0,4519.1,4527.0,5234
2026-05-29 08:15:00,BOS,long,4525.7,4522.6,4530.8,4522.6,4530.8,5239
2026-05-29 09:00:00,BOS,long,4527.7,4523.6,4534.3,4523.6,4534.3,5249
2026-05-29 09:45:00,MSS,short,4536.0,4538.7,4531.7,4538.7,4531.7,5257
2026-05-29 10:00:00,MSS,long,4534.9,4531.0,4541.2,4531.0,4541.2,5260
2026-05-29 10:25:00,MSS,short,4536.4,4539.3,4531.6,4539.3,4531.6,5265
2026-05-29 11:05:00,BOS,short,4534.0,4538.5,4526.8,4538.5,4526.8,5271
2026-05-29 11:45:00,MSS,long,4527.3,4525.2,4530.6,4525.2,4530.6,5281
2026-05-29 11:55:00,BOS,long,4528.8,4526.7,4532.2,4526.7,4532.2,5284
2026-05-29 12:55:00,BOS,long,4541.4,4538.8,4545.6,4538.8,4545.6,5296
2026-05-29 13:30:00,MSS,short,4541.0,4543.3,4537.2,4543.3,4537.2,5300
2026-05-29 13:50:00,MSS,long,4538.4,4533.1,4547.0,4533.1,4547.0,5305
2026-05-29 14:50:00,BOS,long,4546.5,4541.8,4554.0,4541.8,4554.0,5318
2026-05-29 15:40:00,BOS,long,4547.3,4541.2,4557.2,4541.2,4557.2,5327
2026-05-29 16:00:00,MSS,short,4553.6,4556.3,4549.3,4556.3,4549.3,5333
2026-05-29 16:45:00,BOS,short,4545.8,4548.7,4541.2,4548.7,4541.2,5339
2026-05-29 17:00:00,MSS,long,4543.9,4540.0,4550.1,4540.0,4550.1,5344
2026-05-29 17:40:00,BOS,long,4557.0,4552.8,4563.7,4552.8,4563.7,5350
2026-05-29 18:25:00,BOS,long,4558.6,4556.5,4562.1,4556.5,4562.1,5361
2026-05-29 19:05:00,MSS,short,4568.6,4571.9,4563.2,4571.9,4563.2,5370
2026-05-29 19:25:00,BOS,short,4562.6,4565.6,4557.8,4565.6,4557.8,5374
2026-05-29 19:55:00,MSS,long,4562.5,4558.0,4569.7,4558.0,4569.7,5380
2026-05-29 20:20:00,MSS,short,4558.1,4563.0,4550.3,4563.0,4550.3,5384
2026-05-29 21:40:00,MSS,long,4557.9,4552.9,4566.1,4552.9,4566.1,5401
2026-05-29 21:45:00,BOS,long,4558.4,4552.9,4567.3,4552.9,4567.3,5401
2026-05-29 22:00:00,BOS,long,4567.6,4559.7,4580.4,4559.7,4580.4,5403
2026-05-29 22:20:00,MSS,short,4575.4,4583.8,4561.8,4583.8,4561.8,5408
2026-05-29 22:50:00,MSS,long,4573.1,4556.0,4600.8,4556.0,4600.8,5412
2026-05-30 00:30:00,BOS,long,4594.9,4591.0,4601.1,4591.0,4601.1,5435
2026-05-30 01:35:00,MSS,short,4594.6,4598.0,4589.2,4598.0,4589.2,5446
2026-05-30 02:25:00,MSS,long,4588.3,4586.3,4591.5,4586.3,4591.5,5457
2026-05-30 02:45:00,MSS,short,4588.4,4592.7,4581.4,4592.7,4581.4,5461
2026-05-30 03:05:00,MSS,long,4585.9,4583.5,4589.9,4583.5,4589.9,5466
2026-05-30 03:40:00,MSS,short,4588.1,4591.7,4582.2,4591.7,4582.2,5468
2026-05-30 04:40:00,MSS,long,4574.2,4573.2,4575.8,4573.2,4575.8,5484
2026-05-30 04:50:00,MSS,short,4573.9,4575.8,4570.9,4575.8,4570.9,5486
2026-06-01 06:00:00,BOS,short,4565.2,4575.8,4548.1,4575.8,4548.1,5486
2026-06-01 06:45:00,MSS,long,4564.7,4560.7,4571.3,4560.7,4571.3,5498
2026-06-01 07:05:00,BOS,long,4568.1,4565.3,4572.6,4565.3,4572.6,5500
2026-06-01 07:25:00,BOS,long,4572.7,4570.5,4576.3,4570.5,4576.3,5506
2026-06-01 07:30:00,MSS,short,4573.9,4576.3,4569.9,4576.3,4569.9,5507
2026-06-01 07:50:00,MSS,long,4571.5,4568.8,4575.8,4568.8,4575.8,5511
2026-06-01 08:15:00,MSS,short,4573.0,4575.8,4568.5,4575.8,4568.5,5512
2026-06-01 08:35:00,BOS,short,4571.9,4575.7,4565.7,4575.7,4565.7,5520
2026-06-01 09:00:00,BOS,short,4569.2,4573.5,4562.3,4573.5,4562.3,5524
2026-06-01 09:55:00,BOS,short,4561.1,4565.2,4554.5,4565.2,4554.5,5534
2026-06-01 10:40:00,BOS,short,4558.3,4561.8,4552.6,4561.8,4552.6,5545
2026-06-01 11:05:00,BOS,short,4552.9,4556.2,4547.6,4556.2,4547.6,5550
2026-06-01 11:40:00,BOS,short,4549.3,4554.8,4540.3,4554.8,4540.3,5556
2026-06-01 12:45:00,BOS,short,4543.9,4547.7,4537.7,4547.7,4537.7,5570
2026-06-01 13:10:00,MSS,long,4542.3,4537.7,4549.7,4537.7,4549.7,5571
2026-06-01 13:30:00,MSS,short,4549.6,4553.8,4542.9,4553.8,4542.9,5579
2026-06-01 13:45:00,MSS,long,4547.7,4542.9,4555.4,4542.9,4555.4,5580
2026-06-01 14:15:00,MSS,short,4549.5,4555.4,4539.9,4555.4,4539.9,5583
2026-06-01 14:35:00,BOS,short,4540.1,4545.1,4531.9,4545.1,4531.9,5592
2026-06-01 15:40:00,BOS,short,4533.9,4537.8,4527.7,4537.8,4527.7,5604
2026-06-01 17:15:00,MSS,long,4530.7,4527.8,4535.4,4527.8,4535.4,5624
2026-06-01 17:25:00,MSS,short,4532.2,4536.0,4526.1,4536.0,4526.1,5626
2026-06-01 18:05:00,MSS,long,4526.3,4523.3,4531.2,4523.3,4531.2,5631
2026-06-01 18:30:00,BOS,long,4529.5,4525.8,4535.5,4525.8,4535.5,5638
2026-06-01 20:20:00,MSS,short,4535.2,4540.0,4527.5,4540.0,4527.5,5660
2026-06-01 21:10:00,BOS,short,4526.0,4540.9,4502.0,4540.9,4502.0,5667
2026-06-01 21:50:00,BOS,short,4498.2,4508.5,4481.6,4508.5,4481.6,5677
2026-06-01 23:05:00,MSS,long,4486.9,4481.7,4495.4,4481.7,4495.4,5692
2026-06-02 00:10:00,MSS,short,4503.6,4508.9,4495.1,4508.9,4495.1,5706
2026-06-02 00:50:00,MSS,long,4502.8,4497.4,4511.5,4497.4,4511.5,5715
2026-06-02 01:25:00,BOS,long,4506.0,4501.5,4513.2,4501.5,4513.2,5719
2026-06-02 02:25:00,MSS,short,4518.5,4520.0,4516.2,4520.0,4516.2,5734
2026-06-02 02:40:00,MSS,long,4515.9,4514.4,4518.2,4514.4,4518.2,5736
2026-06-02 02:55:00,MSS,short,4517.8,4518.8,4516.3,4518.8,4516.3,5739
2026-06-02 03:30:00,BOS,short,4515.4,4516.6,4513.4,4516.6,4513.4,5746
2026-06-02 03:50:00,BOS,short,4513.2,4515.5,4509.5,4515.5,4509.5,5750
2026-06-02 04:30:00,MSS,long,4513.1,4512.1,4514.8,4512.1,4514.8,5758
2026-06-02 04:55:00,BOS,long,4513.0,4511.2,4515.9,4511.2,4515.9,5763
2026-06-02 06:05:00,MSS,short,4515.4,4517.8,4511.5,4517.8,4511.5,5766
2026-06-02 06:25:00,BOS,short,4513.3,4514.9,4510.8,4514.9,4510.8,5769
2026-06-02 06:55:00,MSS,long,4512.1,4509.4,4516.4,4509.4,4516.4,5773
2026-06-02 07:15:00,BOS,long,4514.1,4511.5,4518.3,4511.5,4518.3,5778
2026-06-02 07:30:00,MSS,short,4516.9,4518.3,4514.6,4518.3,4514.6,5783
2026-06-02 08:20:00,MSS,long,4511.3,4506.2,4519.5,4506.2,4519.5,5791
2026-06-02 09:05:00,MSS,short,4511.9,4513.8,4508.7,4513.8,4508.7,5801
2026-06-02 09:10:00,MSS,long,4509.5,4501.9,4521.9,4501.9,4521.9,5802
