signal_time,entry_time,exit_time,kind,direction,entry,sl,tp,exit_price,exit_reason,points,dollars,bars_held
2026-05-04 08:00:00,2026-05-04 08:05:00,2026-05-04 08:20:00,MSS,short,4623.7,4628.6,4615.8,4615.8,TP,7.9,79.1,3
2026-05-04 08:20:00,2026-05-04 08:55:00,2026-05-04 09:00:00,BOS,short,4622.6,4628.4,4613.2,4613.2,TP,9.4,93.94,1
2026-05-04 09:25:00,2026-05-04 09:40:00,2026-05-04 09:50:00,BOS,short,4611.8,4615.8,4605.2,4615.8,SL,-4.0,-40.49,2
2026-05-04 09:50:00,2026-05-04 10:20:00,2026-05-04 10:25:00,MSS,long,4609.0,4603.6,4617.8,4603.6,SL,-5.4,-54.24,1
2026-05-04 11:35:00,2026-05-04 11:45:00,2026-05-04 11:45:00,MSS,short,4618.6,4622.6,4612.1,4622.6,SL,-4.0,-40.11,0
2026-05-04 12:55:00,2026-05-04 13:15:00,2026-05-04 13:15:00,MSS,short,4619.3,4621.6,4615.7,4621.6,SL,-2.3,-22.54,0
2026-05-04 13:15:00,2026-05-04 13:20:00,2026-05-04 13:25:00,MSS,long,4617.1,4612.7,4624.3,4612.7,SL,-4.4,-44.31,1
2026-05-04 14:00:00,2026-05-04 14:05:00,2026-05-04 14:05:00,BOS,short,4608.9,4613.1,4602.2,4602.2,TP,6.7,67.36,0
2026-05-04 14:35:00,2026-05-04 14:50:00,2026-05-04 15:25:00,BOS,short,4602.5,4607.0,4595.3,4595.3,TP,7.2,72.31,7
2026-05-04 16:35:00,2026-05-04 16:55:00,2026-05-04 16:55:00,MSS,long,4586.8,4584.6,4590.3,4590.3,TP,3.5,35.23,0
2026-05-04 16:55:00,2026-05-04 17:00:00,2026-05-04 17:00:00,MSS,short,4589.2,4590.8,4586.7,4590.8,SL,-1.6,-15.66,0
2026-05-04 17:10:00,2026-05-04 17:50:00,2026-05-04 17:55:00,BOS,long,4590.0,4586.7,4595.3,4586.7,SL,-3.3,-32.85,1
2026-05-04 19:30:00,2026-05-04 20:10:00,2026-05-04 20:15:00,BOS,short,4575.8,4581.0,4567.5,4581.0,SL,-5.2,-51.57,1
2026-05-04 20:15:00,2026-05-04 20:35:00,2026-05-04 20:50:00,MSS,long,4572.2,4563.6,4586.2,4586.2,TP,14.0,139.67,3
2026-05-04 20:50:00,2026-05-04 20:55:00,2026-05-04 21:00:00,BOS,long,4580.9,4577.0,4587.1,4577.0,SL,-3.9,-38.58,1
2026-05-04 21:00:00,2026-05-04 21:05:00,2026-05-04 21:10:00,MSS,short,4579.8,4587.1,4568.0,4587.1,SL,-7.3,-72.96,1
2026-05-04 22:05:00,2026-05-04 22:10:00,2026-05-04 22:10:00,BOS,short,4572.4,4577.4,4564.4,4564.4,TP,8.0,80.34,0
2026-05-04 22:15:00,2026-05-04 22:55:00,2026-05-04 23:10:00,MSS,long,4572.3,4564.4,4585.2,4564.4,SL,-7.9,-79.46,3
2026-05-05 00:05:00,2026-05-05 01:15:00,2026-05-05 10:40:00,BOS,short,4538.6,4553.8,4513.9,4553.8,SL,-15.2,-152.42,101
2026-05-05 11:20:00,2026-05-05 13:05:00,2026-05-05 13:05:00,MSS,short,4549.9,4551.8,4546.7,4551.8,SL,-1.9,-19.48,0
2026-05-05 13:05:00,2026-05-05 13:15:00,2026-05-05 13:30:00,MSS,long,4545.6,4539.9,4554.7,4554.7,TP,9.1,91.46,3
2026-05-05 13:30:00,2026-05-05 14:15:00,2026-05-05 14:20:00,BOS,long,4549.3,4544.8,4556.6,4544.8,SL,-4.5,-45.08,1
2026-05-05 15:15:00,2026-05-05 15:20:00,2026-05-05 15:20:00,BOS,long,4562.2,4560.3,4565.4,4565.4,TP,3.2,31.52,0
2026-05-05 15:25:00,2026-05-05 15:35:00,2026-05-05 15:35:00,MSS,short,4562.6,4565.5,4558.0,4565.5,SL,-2.9,-28.65,0
2026-05-05 15:45:00,2026-05-05 16:20:00,2026-05-05 16:55:00,BOS,short,4563.4,4568.3,4555.4,4568.3,SL,-4.9,-49.28,7
2026-05-05 17:25:00,2026-05-05 17:30:00,2026-05-05 17:30:00,MSS,short,4567.4,4570.5,4562.4,4562.4,TP,5.0,50.06,0
2026-05-05 18:05:00,2026-05-05 18:15:00,2026-05-05 18:15:00,BOS,short,4565.3,4567.2,4562.2,4562.2,TP,3.1,30.9,0
2026-05-05 18:25:00,2026-05-05 18:30:00,2026-05-05 18:40:00,BOS,short,4562.0,4565.3,4556.7,4556.7,TP,5.3,53.15,2
2026-05-05 20:00:00,2026-05-05 20:05:00,2026-05-05 20:05:00,MSS,short,4569.7,4573.0,4564.3,4573.0,SL,-3.3,-33.23,0
2026-05-05 21:35:00,2026-05-05 21:50:00,2026-05-05 21:50:00,MSS,short,4588.8,4592.4,4583.0,4592.4,SL,-3.6,-35.91,0
2026-05-05 22:05:00,2026-05-05 22:10:00,2026-05-05 22:10:00,MSS,long,4589.6,4586.2,4595.1,4586.2,SL,-3.4,-34.0,0
2026-05-05 22:10:00,2026-05-05 22:20:00,2026-05-05 22:20:00,MSS,short,4589.6,4595.1,4580.7,4580.7,TP,8.9,88.99,0
2026-05-05 23:00:00,2026-05-05 23:15:00,2026-05-05 23:25:00,MSS,long,4589.6,4586.3,4594.9,4586.3,SL,-3.3,-32.85,2
2026-05-06 01:05:00,2026-05-06 01:15:00,2026-05-06 02:10:00,BOS,short,4570.1,4573.8,4564.0,4573.8,SL,-3.7,-37.44,11
2026-05-06 02:10:00,2026-05-06 02:30:00,2026-05-06 02:40:00,BOS,long,4571.2,4568.4,4575.6,4568.4,SL,-2.8,-27.5,2
2026-05-06 03:45:00,2026-05-06 03:50:00,2026-05-06 03:50:00,MSS,long,4567.5,4566.2,4569.7,4566.2,SL,-1.3,-13.37,0
2026-05-06 03:50:00,2026-05-06 04:10:00,2026-05-06 04:25:00,MSS,short,4567.8,4569.7,4564.6,4569.7,SL,-1.9,-19.48,3
2026-05-06 04:25:00,2026-05-06 04:35:00,2026-05-06 04:40:00,MSS,long,4567.9,4566.0,4571.0,4566.0,SL,-1.9,-19.1,1
2026-05-06 06:00:00,2026-05-06 06:50:00,2026-05-06 06:50:00,MSS,short,4565.3,4568.4,4560.2,4568.4,SL,-3.1,-31.32,0
2026-05-06 08:00:00,2026-05-06 08:05:00,2026-05-06 08:10:00,BOS,long,4604.0,4601.0,4608.9,4601.0,SL,-3.0,-30.18,1
2026-05-06 09:45:00,2026-05-06 09:50:00,2026-05-06 09:50:00,BOS,long,4634.3,4631.1,4639.5,4639.5,TP,5.2,51.91,0
2026-05-06 11:35:00,2026-05-06 11:40:00,2026-05-06 12:25:00,BOS,long,4656.0,4652.2,4662.2,4662.2,TP,6.2,61.8,9
2026-05-06 12:25:00,2026-05-06 12:35:00,2026-05-06 13:00:00,BOS,long,4659.1,4655.9,4664.2,4664.2,TP,5.1,51.29,5
2026-05-06 13:30:00,2026-05-06 13:40:00,2026-05-06 13:55:00,MSS,short,4661.9,4666.3,4654.9,4666.3,SL,-4.4,-43.55,3
2026-05-06 14:25:00,2026-05-06 14:40:00,2026-05-06 14:40:00,BOS,long,4671.8,4668.3,4677.5,4677.5,TP,5.7,56.86,0
2026-05-06 15:10:00,2026-05-06 15:25:00,2026-05-06 15:45:00,MSS,short,4676.9,4681.5,4669.4,4681.5,SL,-4.6,-46.22,4
2026-05-06 16:30:00,2026-05-06 16:40:00,2026-05-06 16:40:00,MSS,short,4689.7,4691.4,4686.9,4686.9,TP,2.8,27.81,0
2026-05-06 17:30:00,2026-05-06 17:40:00,2026-05-06 17:40:00,BOS,long,4707.3,4702.4,4715.1,4715.1,TP,7.8,78.49,0
2026-05-06 18:50:00,2026-05-06 19:00:00,2026-05-06 19:25:00,BOS,long,4724.8,4718.8,4734.6,4718.8,SL,-6.0,-60.36,5
2026-05-06 19:25:00,2026-05-06 19:30:00,2026-05-06 19:30:00,BOS,short,4726.7,4732.9,4716.8,4716.8,TP,9.9,99.5,0
2026-05-06 19:30:00,2026-05-06 19:40:00,2026-05-06 19:40:00,MSS,long,4720.7,4716.8,4727.0,4716.8,SL,-3.9,-38.96,0
2026-05-06 21:05:00,2026-05-06 21:10:00,2026-05-06 21:30:00,BOS,short,4694.3,4703.5,4679.3,4703.5,SL,-9.2,-92.44,4
2026-05-06 21:45:00,2026-05-06 21:50:00,2026-05-06 21:50:00,BOS,long,4707.4,4704.1,4712.8,4712.8,TP,5.4,53.77,0
2026-05-06 22:10:00,2026-05-06 22:50:00,2026-05-06 23:10:00,BOS,long,4714.7,4708.4,4725.0,4708.4,SL,-6.3,-63.41,4
2026-05-07 00:05:00,2026-05-07 00:30:00,2026-05-07 00:55:00,BOS,short,4701.3,4706.6,4692.7,4692.7,TP,8.6,85.9,5
2026-05-07 01:35:00,2026-05-07 01:55:00,2026-05-07 01:55:00,BOS,short,4693.4,4695.5,4689.9,4695.5,SL,-2.1,-21.39,0
2026-05-07 02:40:00,2026-05-07 03:00:00,2026-05-07 03:00:00,MSS,short,4699.1,4701.1,4695.9,4701.1,SL,-2.0,-19.86,0
2026-05-07 03:55:00,2026-05-07 04:05:00,2026-05-07 04:10:00,MSS,short,4706.5,4709.1,4702.2,4709.1,SL,-2.6,-26.36,1
2026-05-07 04:10:00,2026-05-07 04:20:00,2026-05-07 04:30:00,MSS,long,4705.3,4702.2,4710.4,4702.2,SL,-3.1,-31.32,2
2026-05-07 07:20:00,2026-05-07 07:45:00,2026-05-07 07:45:00,MSS,short,4704.9,4707.0,4701.6,4707.0,SL,-2.1,-20.63,0
2026-05-07 07:55:00,2026-05-07 08:00:00,2026-05-07 08:00:00,MSS,long,4702.6,4699.1,4708.3,4708.3,TP,5.7,56.86,0
2026-05-07 12:30:00,2026-05-07 12:40:00,2026-05-07 12:40:00,BOS,short,4705.0,4707.0,4701.8,4707.0,SL,-2.0,-19.86,0
2026-05-07 13:00:00,2026-05-07 13:15:00,2026-05-07 13:30:00,MSS,long,4705.4,4702.5,4710.0,4710.0,TP,4.6,46.35,3
2026-05-07 13:55:00,2026-05-07 14:00:00,2026-05-07 14:00:00,MSS,short,4712.9,4715.3,4709.0,4715.3,SL,-2.4,-24.07,0
2026-05-07 15:00:00,2026-05-07 15:05:00,2026-05-07 15:10:00,MSS,short,4752.2,4759.2,4740.8,4759.2,SL,-7.0,-70.29,1
2026-05-07 16:00:00,2026-05-07 16:10:00,2026-05-07 16:15:00,MSS,long,4752.3,4746.6,4761.6,4746.6,SL,-5.7,-57.3,1
2026-05-07 16:55:00,2026-05-07 17:10:00,2026-05-07 17:15:00,BOS,short,4744.8,4747.1,4741.1,4747.1,SL,-2.3,-22.92,1
2026-05-07 17:20:00,2026-05-07 17:25:00,2026-05-07 17:25:00,MSS,long,4743.9,4741.3,4748.2,4748.2,TP,4.3,42.64,0
2026-05-07 17:55:00,2026-05-07 18:10:00,2026-05-07 18:40:00,MSS,short,4744.0,4749.3,4735.3,4749.3,SL,-5.3,-53.48,6
2026-05-07 19:55:00,2026-05-07 20:20:00,2026-05-07 20:20:00,BOS,long,4746.8,4743.1,4752.8,4752.8,TP,6.0,59.95,0
2026-05-07 20:30:00,2026-05-07 21:00:00,2026-05-07 21:00:00,BOS,long,4748.4,4741.9,4759.0,4759.0,TP,10.6,105.68,0
2026-05-07 21:00:00,2026-05-07 21:30:00,2026-05-07 21:30:00,MSS,short,4756.9,4762.7,4747.5,4762.7,SL,-5.8,-58.06,0
2026-05-07 21:30:00,2026-05-07 21:45:00,2026-05-07 22:25:00,MSS,long,4751.3,4740.7,4768.4,4768.4,TP,17.1,171.19,8
2026-05-08 00:50:00,2026-05-08 00:55:00,2026-05-08 00:55:00,MSS,long,4723.0,4720.3,4727.4,4727.4,TP,4.4,43.88,0
2026-05-08 01:15:00,2026-05-08 01:20:00,2026-05-08 01:20:00,MSS,short,4724.1,4729.5,4715.4,4715.4,TP,8.7,87.14,0
2026-05-08 01:25:00,2026-05-08 01:40:00,2026-05-08 04:00:00,BOS,short,4715.3,4726.7,4696.9,4726.7,SL,-11.4,-113.84,28
2026-05-08 04:00:00,2026-05-08 04:35:00,2026-05-08 04:35:00,MSS,long,4718.9,4712.5,4729.2,4712.5,SL,-6.4,-63.79,0
2026-05-08 06:45:00,2026-05-08 06:50:00,2026-05-08 06:50:00,BOS,short,4697.0,4700.4,4691.4,4691.4,TP,5.6,55.62,0
2026-05-08 08:05:00,2026-05-08 08:10:00,2026-05-08 08:10:00,BOS,long,4713.0,4710.0,4717.8,4717.8,TP,4.8,48.2,0
2026-05-08 08:15:00,2026-05-08 08:20:00,2026-05-08 08:20:00,MSS,short,4712.6,4718.7,4702.7,4702.7,TP,9.9,98.88,0
2026-05-08 09:35:00,2026-05-08 09:45:00,2026-05-08 09:45:00,MSS,short,4722.1,4727.5,4713.4,4727.5,SL,-5.4,-53.86,0
2026-05-08 10:00:00,2026-05-08 10:35:00,2026-05-08 14:25:00,BOS,long,4724.0,4713.4,4741.1,4741.1,TP,17.1,171.19,46
2026-05-08 14:25:00,2026-05-08 14:30:00,2026-05-08 14:45:00,BOS,long,4735.3,4730.1,4743.6,4730.1,SL,-5.2,-51.57,3
2026-05-08 15:45:00,2026-05-08 15:50:00,2026-05-08 15:50:00,MSS,long,4718.1,4715.7,4722.0,4722.0,TP,3.9,38.93,0
2026-05-08 17:30:00,2026-05-08 18:10:00,2026-05-08 18:20:00,MSS,short,4727.4,4732.4,4719.2,4732.4,SL,-5.0,-50.42,2
2026-05-08 18:35:00,2026-05-08 18:45:00,2026-05-08 18:45:00,MSS,long,4732.9,4729.9,4737.7,4729.9,SL,-3.0,-29.8,0
2026-05-08 18:45:00,2026-05-08 19:00:00,2026-05-08 19:10:00,MSS,short,4734.3,4737.7,4728.7,4728.7,TP,5.6,55.62,2
2026-05-08 20:05:00,2026-05-08 20:30:00,2026-05-08 20:30:00,BOS,short,4725.4,4729.9,4718.0,4729.9,SL,-4.5,-45.46,0
2026-05-08 21:30:00,2026-05-08 22:05:00,2026-05-08 22:25:00,BOS,long,4736.7,4725.8,4754.4,4725.8,SL,-10.9,-109.25,4
2026-05-09 01:50:00,2026-05-09 01:55:00,2026-05-09 01:55:00,BOS,long,4729.8,4728.8,4731.4,4731.4,TP,1.6,16.07,0
2026-05-09 03:30:00,2026-05-09 03:40:00,2026-05-09 03:40:00,BOS,short,4733.6,4734.9,4731.4,4734.9,SL,-1.3,-13.37,0
2026-05-11 07:00:00,2026-05-11 07:10:00,2026-05-11 07:25:00,MSS,long,4699.1,4695.1,4705.6,4705.6,TP,6.5,64.89,3
2026-05-11 07:35:00,2026-05-11 07:40:00,2026-05-11 07:40:00,BOS,long,4704.4,4702.7,4707.2,4707.2,TP,2.8,27.81,0
2026-05-11 07:55:00,2026-05-11 09:05:00,2026-05-11 09:05:00,MSS,short,4703.8,4707.3,4698.2,4707.3,SL,-3.5,-34.76,0
2026-05-11 09:20:00,2026-05-11 09:40:00,2026-05-11 09:55:00,MSS,long,4699.6,4690.4,4714.4,4690.4,SL,-9.2,-91.68,3
2026-05-11 10:35:00,2026-05-11 10:40:00,2026-05-11 10:50:00,MSS,long,4697.9,4691.1,4709.0,4691.1,SL,-6.8,-68.38,2
2026-05-11 13:25:00,2026-05-11 13:30:00,2026-05-11 13:30:00,BOS,short,4681.1,4682.9,4678.3,4682.9,SL,-1.8,-17.57,0
2026-05-11 13:30:00,2026-05-11 13:35:00,2026-05-11 13:35:00,MSS,long,4681.6,4678.3,4687.0,4687.0,TP,5.4,53.77,0
2026-05-11 13:40:00,2026-05-11 14:35:00,2026-05-11 14:50:00,MSS,short,4681.2,4688.4,4669.6,4688.4,SL,-7.2,-71.82,3
2026-05-11 14:50:00,2026-05-11 15:45:00,2026-05-11 17:20:00,BOS,long,4677.9,4671.3,4688.7,4671.3,SL,-6.6,-66.47,19
2026-05-11 18:20:00,2026-05-11 18:35:00,2026-05-11 18:35:00,MSS,long,4670.8,4668.8,4674.0,4668.8,SL,-2.0,-19.86,0
2026-05-11 19:00:00,2026-05-11 19:10:00,2026-05-11 19:30:00,BOS,long,4675.3,4671.9,4680.9,4680.9,TP,5.6,55.62,4
2026-05-11 19:35:00,2026-05-11 19:50:00,2026-05-11 20:00:00,BOS,long,4679.2,4676.0,4684.5,4684.5,TP,5.3,52.53,2
2026-05-11 20:05:00,2026-05-11 20:15:00,2026-05-11 20:15:00,MSS,short,4681.8,4684.5,4677.4,4677.4,TP,4.4,43.88,0
2026-05-11 23:15:00,2026-05-11 23:40:00,2026-05-12 00:25:00,MSS,long,4737.1,4732.5,4744.5,4732.5,SL,-4.6,-45.84,9
2026-05-12 01:20:00,2026-05-12 01:25:00,2026-05-12 01:25:00,BOS,long,4727.4,4725.3,4730.7,4730.7,TP,3.3,33.37,0
2026-05-12 02:05:00,2026-05-12 02:10:00,2026-05-12 02:20:00,BOS,long,4733.1,4731.0,4736.5,4731.0,SL,-2.1,-21.01,2
2026-05-12 02:55:00,2026-05-12 03:00:00,2026-05-12 03:00:00,MSS,short,4735.7,4736.9,4733.8,4733.8,TP,1.9,19.16,0
2026-05-12 03:20:00,2026-05-12 03:35:00,2026-05-12 03:40:00,BOS,short,4735.8,4737.6,4732.8,4737.6,SL,-1.8,-18.34,1
2026-05-12 04:30:00,2026-05-12 04:50:00,2026-05-12 04:50:00,BOS,long,4745.2,4743.1,4748.7,4743.1,SL,-2.1,-21.39,0
2026-05-12 07:30:00,2026-05-12 07:35:00,2026-05-12 07:35:00,BOS,long,4763.1,4760.0,4768.0,4768.0,TP,4.9,49.44,0
2026-05-12 08:15:00,2026-05-12 08:20:00,2026-05-12 08:20:00,BOS,long,4773.9,4768.0,4783.5,4768.0,SL,-5.9,-59.21,0
2026-05-12 10:10:00,2026-05-12 10:15:00,2026-05-12 10:20:00,MSS,long,4738.1,4734.7,4743.5,4734.7,SL,-3.4,-33.62,1
2026-05-12 10:40:00,2026-05-12 11:15:00,2026-05-12 11:45:00,BOS,long,4735.2,4731.4,4741.3,4731.4,SL,-3.8,-37.82,6
2026-05-12 11:45:00,2026-05-12 12:15:00,2026-05-12 12:15:00,BOS,short,4733.5,4736.9,4728.1,4736.9,SL,-3.4,-33.62,0
2026-05-12 12:15:00,2026-05-12 12:20:00,2026-05-12 12:45:00,MSS,long,4733.6,4730.0,4739.4,4730.0,SL,-3.6,-35.91,5
2026-05-12 13:05:00,2026-05-12 13:15:00,2026-05-12 13:30:00,BOS,short,4724.2,4727.8,4718.3,4727.8,SL,-3.6,-36.29,3
2026-05-12 14:45:00,2026-05-12 15:40:00,2026-05-12 16:00:00,BOS,short,4709.4,4713.0,4703.6,4713.0,SL,-3.6,-35.91,4
2026-05-12 16:00:00,2026-05-12 16:10:00,2026-05-12 16:15:00,MSS,long,4709.1,4705.7,4714.7,4705.7,SL,-3.4,-34.38,1
2026-05-12 17:10:00,2026-05-12 17:30:00,2026-05-12 17:40:00,MSS,short,4711.1,4714.4,4705.7,4705.7,TP,5.4,53.77,2
2026-05-12 17:40:00,2026-05-12 17:45:00,2026-05-12 17:45:00,MSS,short,4709.3,4713.5,4702.5,4702.5,TP,6.8,67.98,0
2026-05-12 18:05:00,2026-05-12 18:15:00,2026-05-12 18:30:00,MSS,long,4707.9,4702.5,4716.6,4702.5,SL,-5.4,-53.86,3
2026-05-12 20:30:00,2026-05-12 20:35:00,2026-05-12 20:40:00,BOS,short,4709.0,4716.3,4697.1,4716.3,SL,-7.3,-73.34,1
2026-05-12 20:50:00,2026-05-12 21:00:00,2026-05-12 21:10:00,MSS,long,4705.7,4697.1,4719.7,4697.1,SL,-8.6,-86.33,2
2026-05-12 21:35:00,2026-05-12 21:45:00,2026-05-12 21:45:00,MSS,long,4697.6,4692.4,4706.0,4706.0,TP,8.4,84.05,0
2026-05-12 21:55:00,2026-05-12 22:00:00,2026-05-12 22:00:00,MSS,short,4699.9,4709.5,4684.3,4684.3,TP,15.6,155.74,0
2026-05-13 01:15:00,2026-05-13 01:30:00,2026-05-13 02:00:00,BOS,long,4684.4,4682.0,4688.2,4688.2,TP,3.8,38.32,6
2026-05-13 06:00:00,2026-05-13 06:05:00,2026-05-13 06:05:00,BOS,long,4724.0,4720.6,4729.4,4720.6,SL,-3.4,-33.62,0
2026-05-13 06:50:00,2026-05-13 06:55:00,2026-05-13 07:05:00,BOS,long,4726.0,4723.2,4730.4,4730.4,TP,4.4,44.5,2
2026-05-13 07:45:00,2026-05-13 07:50:00,2026-05-13 08:00:00,MSS,short,4727.0,4729.5,4722.9,4729.5,SL,-2.5,-25.21,2
2026-05-13 08:00:00,2026-05-13 08:30:00,2026-05-13 08:50:00,MSS,long,4726.9,4722.9,4733.4,4722.9,SL,-4.0,-40.11,4
2026-05-13 12:40:00,2026-05-13 12:45:00,2026-05-13 13:00:00,MSS,short,4709.1,4711.5,4705.3,4711.5,SL,-2.4,-23.68,3
2026-05-13 13:00:00,2026-05-13 13:15:00,2026-05-13 13:20:00,MSS,long,4709.8,4706.6,4714.9,4706.6,SL,-3.2,-31.71,1
2026-05-13 13:40:00,2026-05-13 13:55:00,2026-05-13 14:00:00,BOS,short,4711.0,4715.4,4704.0,4715.4,SL,-4.4,-43.55,1
2026-05-13 15:05:00,2026-05-13 15:10:00,2026-05-13 15:15:00,BOS,short,4710.1,4713.6,4704.5,4713.6,SL,-3.5,-34.76,1
2026-05-13 15:25:00,2026-05-13 15:45:00,2026-05-13 16:25:00,MSS,long,4709.1,4704.5,4716.6,4704.5,SL,-4.6,-46.22,8
2026-05-13 16:50:00,2026-05-13 17:10:00,2026-05-13 17:10:00,BOS,long,4704.4,4702.0,4708.2,4702.0,SL,-2.4,-23.68,0
2026-05-13 17:10:00,2026-05-13 17:55:00,2026-05-13 18:05:00,MSS,short,4706.6,4710.2,4700.7,4710.2,SL,-3.6,-36.29,2
2026-05-13 21:00:00,2026-05-13 21:30:00,2026-05-13 21:30:00,MSS,long,4690.4,4685.7,4697.9,4697.9,TP,7.5,75.4,0
2026-05-13 22:25:00,2026-05-13 22:45:00,2026-05-13 23:00:00,MSS,long,4684.8,4680.0,4692.6,4692.6,TP,7.8,77.87,3
2026-05-13 23:25:00,2026-05-13 23:30:00,2026-05-13 23:30:00,BOS,long,4694.7,4691.9,4699.3,4699.3,TP,4.6,45.73,0
2026-05-14 00:20:00,2026-05-14 00:30:00,2026-05-14 00:50:00,BOS,long,4710.5,4706.1,4717.6,4706.1,SL,-4.4,-43.93,4
2026-05-14 01:50:00,2026-05-14 02:10:00,2026-05-14 02:35:00,BOS,short,4700.1,4702.5,4696.1,4696.1,TP,4.0,39.55,5
2026-05-14 03:10:00,2026-05-14 03:30:00,2026-05-14 03:45:00,MSS,long,4693.3,4690.9,4697.1,4697.1,TP,3.8,38.32,3
2026-05-14 06:00:00,2026-05-14 06:05:00,2026-05-14 06:10:00,BOS,long,4697.7,4695.6,4701.0,4695.6,SL,-2.1,-20.63,1
2026-05-14 06:35:00,2026-05-14 06:45:00,2026-05-14 06:45:00,BOS,long,4703.3,4701.6,4706.1,4706.1,TP,2.8,27.81,0
2026-05-14 07:05:00,2026-05-14 07:25:00,2026-05-14 07:30:00,BOS,long,4705.1,4703.1,4708.3,4703.1,SL,-2.0,-19.86,1
2026-05-14 07:45:00,2026-05-14 07:55:00,2026-05-14 08:00:00,BOS,short,4702.8,4704.6,4699.8,4704.6,SL,-1.8,-18.34,1
2026-05-14 08:00:00,2026-05-14 08:05:00,2026-05-14 08:05:00,BOS,short,4700.9,4703.8,4696.2,4703.8,SL,-2.9,-29.03,0
2026-05-14 08:30:00,2026-05-14 08:45:00,2026-05-14 08:55:00,MSS,short,4709.1,4712.5,4703.6,4712.5,SL,-3.4,-34.0,2
2026-05-14 08:55:00,2026-05-14 09:00:00,2026-05-14 09:00:00,BOS,long,4709.2,4706.3,4713.9,4706.3,SL,-2.9,-29.03,0
2026-05-14 10:30:00,2026-05-14 10:40:00,2026-05-14 10:45:00,MSS,long,4697.6,4693.1,4704.8,4693.1,SL,-4.5,-44.69,1
2026-05-14 11:20:00,2026-05-14 11:30:00,2026-05-14 11:30:00,MSS,long,4690.3,4687.7,4694.4,4694.4,TP,4.1,41.41,0
2026-05-14 11:35:00,2026-05-14 12:20:00,2026-05-14 12:25:00,MSS,short,4694.0,4699.5,4685.1,4699.5,SL,-5.5,-55.01,1
2026-05-14 13:15:00,2026-05-14 13:45:00,2026-05-14 13:45:00,MSS,short,4708.6,4711.3,4704.2,4704.2,TP,4.4,43.88,0
2026-05-14 13:55:00,2026-05-14 14:40:00,2026-05-14 15:25:00,BOS,short,4704.8,4710.4,4695.8,4710.4,SL,-5.6,-55.77,9
2026-05-14 15:25:00,2026-05-14 15:50:00,2026-05-14 15:55:00,BOS,long,4705.6,4700.7,4713.4,4700.7,SL,-4.9,-48.51,1
2026-05-14 16:25:00,2026-05-14 16:40:00,2026-05-14 16:40:00,MSS,long,4707.2,4704.4,4711.7,4704.4,SL,-2.8,-27.89,0
2026-05-14 18:45:00,2026-05-14 18:50:00,2026-05-14 18:50:00,BOS,short,4702.3,4704.8,4698.3,4698.3,TP,4.0,40.17,0
2026-05-14 19:20:00,2026-05-14 19:40:00,2026-05-14 19:45:00,BOS,short,4703.2,4705.4,4699.6,4705.4,SL,-2.2,-22.16,1
2026-05-14 19:50:00,2026-05-14 19:55:00,2026-05-14 19:55:00,MSS,long,4701.7,4695.7,4711.3,4711.3,TP,9.6,96.41,0
2026-05-14 20:20:00,2026-05-14 20:40:00,2026-05-14 21:15:00,BOS,long,4704.9,4698.7,4715.0,4698.7,SL,-6.2,-62.27,7
2026-05-14 22:15:00,2026-05-14 22:50:00,2026-05-14 23:00:00,MSS,long,4690.3,4683.3,4701.5,4683.3,SL,-7.0,-69.52,2
2026-05-14 23:40:00,2026-05-14 23:55:00,2026-05-15 00:00:00,BOS,short,4692.1,4695.3,4686.9,4686.9,TP,5.2,51.91,1
2026-05-15 00:30:00,2026-05-15 00:50:00,2026-05-15 01:00:00,BOS,short,4684.6,4687.6,4679.7,4687.6,SL,-3.0,-30.18,2
2026-05-15 01:25:00,2026-05-15 01:40:00,2026-05-15 02:00:00,MSS,short,4687.3,4689.9,4683.0,4683.0,TP,4.3,42.64,4
2026-05-15 02:55:00,2026-05-15 03:00:00,2026-05-15 03:05:00,MSS,long,4674.4,4672.3,4677.9,4672.3,SL,-2.1,-21.39,1
2026-05-15 04:00:00,2026-05-15 06:00:00,2026-05-15 06:00:00,BOS,short,4660.4,4664.3,4654.2,4654.2,TP,6.2,62.42,0
2026-05-15 06:50:00,2026-05-15 07:10:00,2026-05-15 07:10:00,BOS,long,4663.5,4661.2,4667.1,4667.1,TP,3.6,36.46,0
2026-05-15 07:10:00,2026-05-15 07:25:00,2026-05-15 07:25:00,MSS,short,4665.9,4667.8,4662.9,4667.8,SL,-1.9,-18.72,0
2026-05-15 07:25:00,2026-05-15 07:30:00,2026-05-15 07:30:00,MSS,long,4663.2,4659.6,4669.0,4659.6,SL,-3.6,-35.91,0
2026-05-15 08:55:00,2026-05-15 09:00:00,2026-05-15 09:00:00,MSS,long,4627.1,4621.8,4635.8,4635.8,TP,8.7,86.52,0
2026-05-15 09:05:00,2026-05-15 09:20:00,2026-05-15 09:25:00,MSS,short,4628.0,4636.7,4613.8,4613.8,TP,14.2,141.52,1
2026-05-15 10:40:00,2026-05-15 10:45:00,2026-05-15 10:45:00,MSS,long,4616.7,4613.5,4622.0,4622.0,TP,5.3,52.53,0
2026-05-15 11:25:00,2026-05-15 12:05:00,2026-05-15 12:20:00,MSS,short,4622.2,4626.2,4615.8,4615.8,TP,6.4,64.27,3
2026-05-15 12:40:00,2026-05-15 12:50:00,2026-05-15 13:00:00,MSS,short,4614.9,4619.0,4608.3,4608.3,TP,6.6,66.13,2
2026-05-15 13:45:00,2026-05-15 13:50:00,2026-05-15 13:55:00,BOS,short,4574.4,4579.8,4565.7,4565.7,TP,8.7,87.14,1
2026-05-15 13:55:00,2026-05-15 14:05:00,2026-05-15 14:15:00,BOS,short,4570.9,4577.2,4560.6,4577.2,SL,-6.3,-63.41,2
2026-05-15 14:40:00,2026-05-15 15:05:00,2026-05-15 15:10:00,MSS,short,4579.7,4584.9,4571.2,4584.9,SL,-5.2,-52.33,1
2026-05-15 15:10:00,2026-05-15 15:50:00,2026-05-15 16:00:00,MSS,long,4577.9,4569.8,4591.0,4569.8,SL,-8.1,-80.98,2
2026-05-15 16:40:00,2026-05-15 16:55:00,2026-05-15 17:05:00,MSS,long,4558.7,4553.2,4567.5,4567.5,TP,8.8,88.37,2
2026-05-15 17:45:00,2026-05-15 18:00:00,2026-05-15 18:05:00,BOS,short,4552.8,4559.8,4541.5,4559.8,SL,-7.0,-69.91,1
2026-05-15 20:00:00,2026-05-15 20:10:00,2026-05-15 20:10:00,BOS,short,4558.3,4563.4,4550.0,4550.0,TP,8.3,82.81,0
2026-05-15 20:10:00,2026-05-15 20:15:00,2026-05-15 20:15:00,BOS,short,4554.4,4557.5,4549.3,4549.3,TP,5.1,50.68,0
2026-05-15 20:20:00,2026-05-15 20:30:00,2026-05-15 20:40:00,MSS,long,4554.4,4549.1,4562.9,4549.1,SL,-5.3,-52.72,2
2026-05-15 21:35:00,2026-05-15 22:10:00,2026-05-15 22:15:00,MSS,short,4549.8,4561.8,4530.3,4561.8,SL,-12.0,-120.33,1
2026-05-15 22:45:00,2026-05-15 22:50:00,2026-05-15 22:50:00,MSS,short,4561.0,4565.0,4554.5,4554.5,TP,6.5,64.89,0
2026-05-15 22:55:00,2026-05-15 23:00:00,2026-05-15 23:15:00,MSS,long,4558.0,4550.1,4570.9,4550.1,SL,-7.9,-79.46,3
2026-05-16 00:05:00,2026-05-16 00:20:00,2026-05-16 00:25:00,BOS,short,4541.5,4546.5,4533.3,4546.5,SL,-5.0,-50.42,1
2026-05-16 01:20:00,2026-05-16 01:25:00,2026-05-16 01:25:00,BOS,long,4562.1,4558.4,4568.0,4568.0,TP,5.9,59.33,0
2026-05-16 02:10:00,2026-05-16 02:15:00,2026-05-16 02:15:00,BOS,long,4562.6,4560.2,4566.6,4560.2,SL,-2.4,-24.45,0
2026-05-16 02:15:00,2026-05-16 02:20:00,2026-05-16 02:30:00,MSS,short,4562.9,4566.6,4556.9,4556.9,TP,6.0,59.95,2
2026-05-16 03:35:00,2026-05-16 03:50:00,2026-05-16 03:50:00,MSS,long,4555.1,4552.5,4559.4,4552.5,SL,-2.6,-26.36,0
2026-05-16 04:30:00,2026-05-16 04:50:00,2026-05-18 06:00:00,MSS,long,4541.2,4537.0,4548.0,4537.0,SL,-4.2,-42.02,2
2026-05-18 06:00:00,2026-05-18 06:20:00,2026-05-18 06:20:00,BOS,long,4544.1,4540.4,4550.0,4550.0,TP,5.9,59.33,0
2026-05-18 07:25:00,2026-05-18 07:50:00,2026-05-18 07:50:00,MSS,short,4545.3,4548.1,4540.8,4540.8,TP,4.5,45.11,0
2026-05-18 09:20:00,2026-05-18 09:25:00,2026-05-18 09:25:00,MSS,long,4501.5,4495.5,4511.3,4511.3,TP,9.8,97.64,0
2026-05-18 10:10:00,2026-05-18 11:05:00,2026-05-18 11:40:00,BOS,long,4531.3,4524.6,4542.1,4542.1,TP,10.8,108.15,7
2026-05-18 11:40:00,2026-05-18 12:25:00,2026-05-18 13:15:00,BOS,long,4537.1,4528.1,4551.7,4551.7,TP,14.6,145.85,10
2026-05-18 13:15:00,2026-05-18 13:40:00,2026-05-18 13:55:00,MSS,long,4542.8,4536.5,4553.0,4536.5,SL,-6.3,-63.03,3
2026-05-18 13:55:00,2026-05-18 14:20:00,2026-05-18 15:30:00,MSS,short,4547.5,4556.3,4533.2,4556.3,SL,-8.8,-88.24,14
2026-05-18 16:30:00,2026-05-18 17:00:00,2026-05-18 17:00:00,BOS,long,4550.3,4546.1,4557.0,4546.1,SL,-4.2,-41.64,0
2026-05-18 18:05:00,2026-05-18 18:15:00,2026-05-18 18:30:00,BOS,short,4545.9,4549.0,4540.8,4540.8,TP,5.1,50.68,3
2026-05-18 18:30:00,2026-05-18 18:35:00,2026-05-18 18:35:00,BOS,short,4542.3,4546.2,4536.0,4536.0,TP,6.3,63.04,0
2026-05-18 18:40:00,2026-05-18 18:50:00,2026-05-18 19:05:00,MSS,long,4540.0,4535.4,4547.5,4535.4,SL,-4.6,-46.22,3
2026-05-18 21:30:00,2026-05-18 21:40:00,2026-05-18 21:50:00,BOS,long,4572.6,4565.4,4584.3,4584.3,TP,11.7,116.8,2
2026-05-18 21:50:00,2026-05-18 22:00:00,2026-05-18 22:05:00,BOS,long,4575.2,4566.9,4588.7,4566.9,SL,-8.3,-83.28,1
2026-05-18 23:05:00,2026-05-18 23:40:00,2026-05-19 00:10:00,BOS,short,4547.2,4553.0,4537.8,4553.0,SL,-5.8,-58.06,6
2026-05-19 00:10:00,2026-05-19 00:25:00,2026-05-19 00:25:00,MSS,long,4547.8,4544.4,4553.3,4544.4,SL,-3.4,-34.0,0
2026-05-19 00:25:00,2026-05-19 00:35:00,2026-05-19 00:50:00,MSS,short,4548.4,4555.1,4537.6,4555.1,SL,-6.7,-66.85,3
2026-05-19 02:55:00,2026-05-19 03:00:00,2026-05-19 03:00:00,BOS,short,4543.9,4547.5,4538.0,4547.5,SL,-3.6,-36.29,0
2026-05-19 06:35:00,2026-05-19 06:55:00,2026-05-19 07:00:00,BOS,long,4576.8,4574.9,4580.0,4580.0,TP,3.2,31.52,1
2026-05-19 07:55:00,2026-05-19 08:00:00,2026-05-19 08:00:00,MSS,short,4588.2,4591.9,4582.3,4591.9,SL,-3.7,-36.67,0
2026-05-19 09:30:00,2026-05-19 10:05:00,2026-05-19 10:10:00,MSS,long,4560.4,4557.3,4565.3,4557.3,SL,-3.1,-30.56,1
2026-05-19 11:35:00,2026-05-19 11:40:00,2026-05-19 11:45:00,MSS,long,4553.1,4550.0,4558.2,4550.0,SL,-3.1,-31.32,1
2026-05-19 12:10:00,2026-05-19 12:20:00,2026-05-19 12:25:00,BOS,short,4546.2,4548.8,4541.9,4541.9,TP,4.3,42.64,1
2026-05-19 13:00:00,2026-05-19 13:05:00,2026-05-19 13:05:00,MSS,long,4543.7,4540.9,4548.2,4548.2,TP,4.5,45.11,0
2026-05-19 13:20:00,2026-05-19 13:25:00,2026-05-19 14:15:00,MSS,short,4543.4,4549.8,4533.0,4549.8,SL,-6.4,-64.18,10
2026-05-19 14:45:00,2026-05-19 14:55:00,2026-05-19 15:05:00,MSS,short,4552.4,4556.1,4546.3,4556.1,SL,-3.7,-37.44,2
2026-05-19 15:05:00,2026-05-19 15:10:00,2026-05-19 15:25:00,MSS,long,4551.9,4547.5,4558.9,4547.5,SL,-4.4,-43.55,3
2026-05-19 15:40:00,2026-05-19 15:45:00,2026-05-19 15:45:00,MSS,short,4549.8,4553.0,4544.6,4553.0,SL,-3.2,-32.09,0
2026-05-19 15:45:00,2026-05-19 16:05:00,2026-05-19 16:20:00,MSS,long,4549.6,4544.6,4557.8,4544.6,SL,-5.0,-50.42,3
2026-05-19 16:20:00,2026-05-19 16:35:00,2026-05-19 16:45:00,MSS,short,4547.9,4551.5,4542.2,4551.5,SL,-3.6,-35.53,2
2026-05-19 18:40:00,2026-05-19 18:55:00,2026-05-19 18:55:00,BOS,short,4539.6,4546.6,4528.4,4546.6,SL,-7.0,-69.52,0
2026-05-19 19:50:00,2026-05-19 20:05:00,2026-05-19 20:05:00,MSS,short,4543.4,4547.1,4537.5,4537.5,TP,5.9,59.33,0
2026-05-19 22:10:00,2026-05-19 23:15:00,2026-05-20 02:55:00,MSS,short,4508.5,4517.1,4494.5,4494.5,TP,14.0,139.67,44
2026-05-20 03:50:00,2026-05-20 04:10:00,2026-05-20 04:15:00,BOS,short,4490.1,4492.1,4486.9,4486.9,TP,3.2,32.14,1
2026-05-20 04:55:00,2026-05-20 06:00:00,2026-05-20 06:00:00,BOS,short,4486.7,4487.8,4484.8,4487.8,SL,-1.1,-11.46,0
2026-05-20 06:15:00,2026-05-20 06:30:00,2026-05-20 06:30:00,BOS,short,4486.0,4489.2,4480.8,4480.8,TP,5.2,51.91,0
2026-05-20 06:30:00,2026-05-20 06:35:00,2026-05-20 06:35:00,MSS,long,4483.5,4481.3,4487.1,4487.1,TP,3.6,35.84,0
2026-05-20 07:15:00,2026-05-20 08:00:00,2026-05-20 08:00:00,BOS,long,4486.4,4482.9,4492.0,4492.0,TP,5.6,56.24,0
2026-05-20 11:05:00,2026-05-20 11:15:00,2026-05-20 12:00:00,BOS,short,4463.9,4469.4,4454.9,4469.4,SL,-5.5,-55.39,9
2026-05-20 12:00:00,2026-05-20 12:25:00,2026-05-20 12:45:00,MSS,long,4464.6,4459.8,4472.3,4459.8,SL,-4.8,-47.75,4
2026-05-20 13:30:00,2026-05-20 13:40:00,2026-05-20 13:45:00,BOS,long,4474.2,4469.5,4481.8,4469.5,SL,-4.7,-46.99,1
2026-05-20 13:45:00,2026-05-20 13:55:00,2026-05-20 14:35:00,MSS,short,4475.5,4481.8,4465.4,4465.4,TP,10.1,101.35,8
2026-05-20 15:05:00,2026-05-20 15:20:00,2026-05-20 15:20:00,MSS,long,4478.7,4473.9,4486.4,4486.4,TP,7.7,77.25,0
2026-05-20 16:20:00,2026-05-20 16:35:00,2026-05-20 16:50:00,BOS,long,4481.9,4477.6,4488.9,4488.9,TP,7.0,69.83,3
2026-05-20 17:25:00,2026-05-20 17:30:00,2026-05-20 17:30:00,MSS,short,4481.9,4486.1,4475.2,4475.2,TP,6.7,67.36,0
2026-05-20 17:50:00,2026-05-20 17:55:00,2026-05-20 17:55:00,MSS,long,4487.8,4484.3,4493.4,4493.4,TP,5.6,56.24,0
2026-05-20 19:15:00,2026-05-20 19:20:00,2026-05-20 19:20:00,MSS,short,4497.1,4499.0,4494.1,4499.0,SL,-1.9,-18.72,0
2026-05-20 19:25:00,2026-05-20 19:40:00,2026-05-20 19:50:00,MSS,long,4497.4,4493.5,4503.7,4493.5,SL,-3.9,-38.96,2
2026-05-20 20:30:00,2026-05-20 20:55:00,2026-05-20 21:10:00,BOS,long,4499.8,4495.2,4507.2,4507.2,TP,7.4,74.16,3
2026-05-20 22:00:00,2026-05-20 22:15:00,2026-05-20 22:15:00,BOS,short,4490.5,4495.0,4483.2,4495.0,SL,-4.5,-45.08,0
2026-05-20 23:15:00,2026-05-20 23:25:00,2026-05-21 09:10:00,BOS,long,4538.3,4526.5,4557.5,4557.5,TP,19.2,191.58,105
2026-05-21 11:50:00,2026-05-21 12:00:00,2026-05-21 12:10:00,BOS,short,4534.2,4537.9,4528.1,4537.9,SL,-3.7,-37.44,2
2026-05-21 12:55:00,2026-05-21 13:00:00,2026-05-21 13:00:00,BOS,long,4538.1,4536.6,4540.5,4540.5,TP,2.4,24.1,0
2026-05-21 15:25:00,2026-05-21 15:50:00,2026-05-21 16:00:00,BOS,short,4520.5,4525.0,4513.3,4525.0,SL,-4.5,-44.69,2
2026-05-21 16:35:00,2026-05-21 16:45:00,2026-05-21 17:10:00,MSS,short,4534.1,4538.1,4527.7,4538.1,SL,-4.0,-39.73,5
2026-05-21 17:10:00,2026-05-21 17:30:00,2026-05-21 17:30:00,MSS,long,4536.3,4532.9,4541.7,4541.7,TP,5.4,54.38,0
2026-05-21 18:00:00,2026-05-21 18:05:00,2026-05-21 18:05:00,MSS,long,4532.2,4530.7,4534.7,4534.7,TP,2.5,24.72,0
2026-05-21 19:30:00,2026-05-21 19:50:00,2026-05-21 20:15:00,BOS,short,4518.1,4522.4,4511.1,4511.1,TP,7.0,69.83,5
2026-05-21 20:15:00,2026-05-21 20:30:00,2026-05-21 20:30:00,MSS,short,4516.5,4520.3,4510.3,4510.3,TP,6.2,61.8,0
2026-05-21 21:15:00,2026-05-21 21:50:00,2026-05-21 21:50:00,BOS,short,4507.3,4513.8,4496.9,4513.8,SL,-6.5,-64.56,0
2026-05-21 21:50:00,2026-05-21 22:15:00,2026-05-22 00:05:00,MSS,long,4501.4,4488.5,4522.2,4522.2,TP,20.8,208.27,22
2026-05-22 03:50:00,2026-05-22 03:55:00,2026-05-22 03:55:00,MSS,short,4541.0,4544.5,4535.4,4544.5,SL,-3.5,-34.76,0
2026-05-22 04:55:00,2026-05-22 06:00:00,2026-05-22 06:00:00,MSS,long,4542.3,4540.8,4544.8,4544.8,TP,2.5,24.72,0
2026-05-22 06:00:00,2026-05-22 06:05:00,2026-05-22 06:05:00,BOS,long,4543.6,4540.8,4548.1,4540.8,SL,-2.8,-27.89,0
2026-05-22 06:40:00,2026-05-22 06:50:00,2026-05-22 07:00:00,BOS,long,4542.5,4540.5,4545.7,4545.7,TP,3.2,32.14,2
2026-05-22 08:10:00,2026-05-22 08:20:00,2026-05-22 08:20:00,BOS,short,4535.3,4537.3,4532.1,4537.3,SL,-2.0,-19.86,0
2026-05-22 08:35:00,2026-05-22 08:45:00,2026-05-22 08:50:00,MSS,long,4535.2,4530.8,4542.2,4530.8,SL,-4.4,-43.55,1
2026-05-22 08:50:00,2026-05-22 09:00:00,2026-05-22 09:00:00,MSS,short,4536.9,4542.2,4528.2,4528.2,TP,8.7,86.52,0
2026-05-22 09:05:00,2026-05-22 09:15:00,2026-05-22 09:35:00,BOS,short,4532.5,4537.6,4524.2,4524.2,TP,8.3,82.81,4
2026-05-22 10:30:00,2026-05-22 10:45:00,2026-05-22 11:45:00,BOS,short,4526.3,4530.5,4519.6,4530.5,SL,-4.2,-41.64,12
2026-05-22 12:25:00,2026-05-22 12:35:00,2026-05-22 12:35:00,BOS,long,4530.4,4528.3,4533.9,4528.3,SL,-2.1,-21.39,0
2026-05-22 13:00:00,2026-05-22 13:05:00,2026-05-22 13:15:00,BOS,short,4528.7,4531.2,4524.6,4524.6,TP,4.1,40.79,2
2026-05-22 13:35:00,2026-05-22 13:55:00,2026-05-22 13:55:00,MSS,long,4529.4,4525.9,4535.0,4525.9,SL,-3.5,-34.76,0
2026-05-22 13:55:00,2026-05-22 14:10:00,2026-05-22 17:50:00,MSS,short,4525.0,4535.4,4508.3,4535.4,SL,-10.4,-103.52,44
2026-05-22 19:00:00,2026-05-22 19:10:00,2026-05-22 19:15:00,MSS,long,4514.8,4513.1,4517.5,4513.1,SL,-1.7,-16.81,1
2026-05-22 19:20:00,2026-05-22 19:25:00,2026-05-22 19:25:00,MSS,short,4516.2,4518.3,4512.9,4512.9,TP,3.3,33.37,0
2026-05-22 20:10:00,2026-05-22 20:25:00,2026-05-22 20:30:00,BOS,long,4523.7,4519.0,4531.4,4519.0,SL,-4.7,-47.37,1
2026-05-22 20:35:00,2026-05-22 20:55:00,2026-05-22 21:40:00,MSS,short,4529.1,4537.4,4515.7,4515.7,TP,13.4,134.11,9
2026-05-23 00:20:00,2026-05-23 00:40:00,2026-05-23 00:40:00,BOS,long,4519.3,4517.8,4521.8,4517.8,SL,-1.5,-15.28,0
2026-05-23 00:40:00,2026-05-23 01:10:00,2026-05-23 01:30:00,MSS,short,4522.4,4528.8,4512.1,4528.8,SL,-6.4,-63.79,4
2026-05-23 02:00:00,2026-05-23 02:35:00,2026-05-23 03:00:00,MSS,short,4521.0,4525.9,4513.2,4513.2,TP,7.8,78.49,5
2026-05-23 03:35:00,2026-05-23 03:50:00,2026-05-23 04:20:00,MSS,long,4508.1,4505.9,4511.6,4511.6,TP,3.5,35.23,6
2026-05-23 04:20:00,2026-05-23 04:30:00,2026-05-23 04:30:00,BOS,long,4508.4,4506.2,4511.9,4511.9,TP,3.5,35.23,0
2026-05-23 04:30:00,2026-05-23 04:55:00,2026-05-25 06:00:00,MSS,short,4510.2,4511.9,4507.4,4511.9,SL,-1.7,-17.19,1
2026-05-25 07:35:00,2026-05-25 07:45:00,2026-05-25 07:50:00,BOS,long,4578.0,4575.9,4581.4,4575.9,SL,-2.1,-21.01,1
2026-05-25 07:55:00,2026-05-25 08:10:00,2026-05-25 08:55:00,MSS,short,4576.9,4582.7,4567.6,4567.6,TP,9.3,93.32,9
2026-05-25 08:55:00,2026-05-25 09:00:00,2026-05-25 09:05:00,MSS,short,4576.0,4581.6,4566.9,4566.9,TP,9.1,90.85,1
2026-05-25 09:05:00,2026-05-25 09:20:00,2026-05-25 09:45:00,BOS,short,4571.8,4578.1,4561.5,4561.5,TP,10.3,102.59,5
2026-05-25 10:05:00,2026-05-25 10:10:00,2026-05-25 10:15:00,MSS,long,4564.6,4561.7,4569.3,4561.7,SL,-2.9,-29.03,1
2026-05-25 10:40:00,2026-05-25 10:45:00,2026-05-25 10:45:00,BOS,long,4563.8,4559.6,4570.7,4570.7,TP,6.9,68.6,0
2026-05-25 11:40:00,2026-05-25 12:00:00,2026-05-25 12:20:00,MSS,short,4562.5,4565.1,4558.4,4565.1,SL,-2.6,-25.59,4
2026-05-25 12:25:00,2026-05-25 12:30:00,2026-05-25 12:35:00,MSS,long,4562.9,4560.5,4566.7,4560.5,SL,-2.4,-23.68,1
2026-05-25 13:00:00,2026-05-25 13:20:00,2026-05-25 13:20:00,BOS,long,4563.0,4560.4,4567.3,4560.4,SL,-2.6,-26.36,0
2026-05-25 14:45:00,2026-05-25 15:15:00,2026-05-25 15:15:00,BOS,long,4556.7,4554.5,4560.3,4554.5,SL,-2.2,-22.16,0
2026-05-25 15:45:00,2026-05-25 16:20:00,2026-05-25 17:30:00,BOS,long,4557.2,4553.2,4563.6,4563.6,TP,6.4,64.27,14
2026-05-25 19:15:00,2026-05-25 19:25:00,2026-05-25 19:35:00,BOS,long,4572.5,4569.4,4577.5,4577.5,TP,5.0,50.06,2
2026-05-25 19:35:00,2026-05-25 19:45:00,2026-05-25 19:45:00,BOS,long,4573.9,4571.2,4578.2,4578.2,TP,4.3,43.26,0
2026-05-25 21:40:00,2026-05-25 21:45:00,2026-05-25 21:45:00,MSS,long,4564.3,4562.5,4567.3,4562.5,SL,-1.8,-18.34,0
2026-05-25 22:20:00,2026-05-25 22:25:00,2026-05-25 22:25:00,BOS,long,4569.9,4568.6,4572.0,4572.0,TP,2.1,21.01,0
2026-05-25 22:50:00,2026-05-25 23:00:00,2026-05-25 23:00:00,MSS,short,4569.1,4570.2,4567.2,4570.2,SL,-1.1,-11.46,0
2026-05-25 23:10:00,2026-05-25 23:15:00,2026-05-25 23:25:00,MSS,long,4570.2,4566.9,4575.5,4575.5,TP,5.3,53.15,2
2026-05-26 02:25:00,2026-05-26 06:00:00,2026-05-26 06:00:00,MSS,long,4571.2,4569.8,4573.5,4569.8,SL,-1.4,-14.13,0
2026-05-26 06:30:00,2026-05-26 06:40:00,2026-05-26 06:50:00,MSS,short,4575.6,4577.3,4572.8,4577.3,SL,-1.7,-17.19,2
2026-05-26 07:10:00,2026-05-26 07:20:00,2026-05-26 07:20:00,BOS,long,4578.1,4575.7,4582.0,4575.7,SL,-2.4,-24.07,0
2026-05-26 08:15:00,2026-05-26 08:25:00,2026-05-26 08:50:00,BOS,short,4549.7,4554.4,4542.2,4542.2,TP,7.5,75.4,5
2026-05-26 08:50:00,2026-05-26 08:55:00,2026-05-26 09:30:00,BOS,short,4547.7,4552.6,4539.9,4539.9,TP,7.8,78.49,7
2026-05-26 10:05:00,2026-05-26 10:10:00,2026-05-26 10:10:00,MSS,long,4539.9,4539.9,4539.9,4539.9,SL,0.0,0.0,0
2026-05-26 10:30:00,2026-05-26 10:35:00,2026-05-26 10:40:00,MSS,short,4538.1,4540.1,4534.8,4534.8,TP,3.3,32.75,1
2026-05-26 10:45:00,2026-05-26 11:00:00,2026-05-26 11:15:00,BOS,short,4536.5,4539.5,4531.6,4539.5,SL,-3.0,-30.18,3
2026-05-26 13:30:00,2026-05-26 13:40:00,2026-05-26 13:40:00,BOS,long,4531.2,4529.2,4534.5,4529.2,SL,-2.0,-20.25,0
2026-05-26 13:45:00,2026-05-26 14:05:00,2026-05-26 14:25:00,MSS,short,4532.1,4535.5,4526.6,4535.5,SL,-3.4,-34.0,4
2026-05-26 15:05:00,2026-05-26 15:45:00,2026-05-26 15:45:00,MSS,short,4531.8,4534.3,4527.8,4527.8,TP,4.0,40.17,0
2026-05-26 15:45:00,2026-05-26 16:25:00,2026-05-26 16:25:00,MSS,long,4526.3,4521.7,4533.8,4521.7,SL,-4.6,-46.22,0
2026-05-26 17:10:00,2026-05-26 17:15:00,2026-05-26 17:15:00,MSS,short,4523.1,4525.4,4519.3,4525.4,SL,-2.3,-23.3,0
2026-05-26 17:35:00,2026-05-26 17:55:00,2026-05-26 18:10:00,BOS,short,4522.7,4526.7,4516.2,4526.7,SL,-4.0,-40.11,3
2026-05-26 20:35:00,2026-05-26 20:40:00,2026-05-26 20:45:00,BOS,short,4510.5,4516.2,4501.3,4516.2,SL,-5.7,-56.92,1
2026-05-26 22:10:00,2026-05-26 22:20:00,2026-05-26 22:30:00,BOS,short,4516.4,4521.3,4508.4,4521.3,SL,-4.9,-49.28,2
2026-05-26 22:35:00,2026-05-26 22:55:00,2026-05-26 23:00:00,MSS,long,4515.0,4508.4,4525.6,4508.4,SL,-6.6,-65.7,1
2026-05-26 23:50:00,2026-05-27 00:00:00,2026-05-27 00:05:00,MSS,long,4505.7,4502.3,4511.2,4502.3,SL,-3.4,-34.0,1
2026-05-27 00:10:00,2026-05-27 00:15:00,2026-05-27 00:30:00,MSS,short,4506.5,4511.2,4498.8,4511.2,SL,-4.7,-47.37,3
2026-05-27 01:55:00,2026-05-27 02:30:00,2026-05-27 03:15:00,BOS,short,4495.9,4501.2,4487.2,4501.2,SL,-5.3,-53.48,9
2026-05-27 06:05:00,2026-05-27 06:10:00,2026-05-27 06:20:00,MSS,short,4506.6,4508.5,4503.4,4508.5,SL,-1.9,-19.48,2
2026-05-27 06:30:00,2026-05-27 06:50:00,2026-05-27 06:55:00,BOS,short,4507.0,4510.9,4500.8,4510.9,SL,-3.9,-38.58,1
2026-05-27 08:20:00,2026-05-27 08:45:00,2026-05-27 08:50:00,MSS,short,4521.9,4525.8,4515.6,4515.6,TP,6.3,63.04,1
2026-05-27 08:55:00,2026-05-27 09:10:00,2026-05-27 09:25:00,BOS,short,4518.9,4522.0,4514.0,4514.0,TP,4.9,49.44,3
2026-05-27 10:35:00,2026-05-27 10:50:00,2026-05-27 10:55:00,BOS,short,4503.0,4505.3,4499.3,4505.3,SL,-2.3,-22.92,1
2026-05-27 11:00:00,2026-05-27 11:35:00,2026-05-27 11:55:00,MSS,long,4502.0,4497.3,4509.7,4497.3,SL,-4.7,-47.37,4
2026-05-27 11:55:00,2026-05-27 12:05:00,2026-05-27 12:40:00,MSS,short,4501.2,4504.7,4495.5,4504.7,SL,-3.5,-35.14,7
2026-05-27 13:10:00,2026-05-27 13:15:00,2026-05-27 13:15:00,MSS,short,4504.3,4502.2,4507.7,4502.2,SL,2.1,21.01,0
2026-05-27 15:10:00,2026-05-27 15:20:00,2026-05-27 15:20:00,BOS,short,4484.7,4487.9,4479.4,4487.9,SL,-3.2,-32.47,0
2026-05-27 15:45:00,2026-05-27 16:00:00,2026-05-27 16:15:00,BOS,short,4483.6,4487.9,4476.7,4487.9,SL,-4.3,-42.78,3
2026-05-27 16:15:00,2026-05-27 16:30:00,2026-05-27 16:35:00,MSS,long,4485.0,4482.3,4489.4,4489.4,TP,4.4,43.88,1
2026-05-27 16:40:00,2026-05-27 17:05:00,2026-05-27 18:00:00,BOS,long,4488.7,4484.7,4495.2,4484.7,SL,-4.0,-40.11,11
2026-05-27 19:55:00,2026-05-27 20:00:00,2026-05-27 20:15:00,BOS,short,4434.4,4442.0,4422.1,4442.0,SL,-7.6,-76.02,3
2026-05-27 20:15:00,2026-05-27 20:55:00,2026-05-27 21:05:00,MSS,long,4436.0,4426.2,4451.8,4426.2,SL,-9.8,-97.79,2
2026-05-27 21:25:00,2026-05-27 21:30:00,2026-05-27 21:30:00,BOS,short,4411.3,4419.2,4398.4,4419.2,SL,-7.9,-79.46,0
2026-05-28 01:00:00,2026-05-28 01:05:00,2026-05-28 01:05:00,MSS,short,4449.1,4451.4,4445.5,4445.5,TP,3.6,36.46,0
2026-05-28 01:05:00,2026-05-28 01:25:00,2026-05-28 01:30:00,BOS,short,4447.3,4451.4,4440.6,4451.4,SL,-4.1,-41.26,1
2026-05-28 02:00:00,2026-05-28 02:15:00,2026-05-28 02:20:00,MSS,short,4450.8,4452.9,4447.3,4452.9,SL,-2.1,-21.39,1
2026-05-28 02:20:00,2026-05-28 02:35:00,2026-05-28 04:15:00,MSS,long,4450.2,4446.0,4457.0,4457.0,TP,6.8,67.98,20
2026-05-28 07:45:00,2026-05-28 08:00:00,2026-05-28 08:00:00,BOS,short,4481.5,4484.4,4476.7,4476.7,TP,4.8,47.59,0
2026-05-28 08:55:00,2026-05-28 09:00:00,2026-05-28 09:00:00,MSS,long,4484.6,4482.1,4488.6,4482.1,SL,-2.5,-24.83,0
2026-05-28 10:30:00,2026-05-28 10:40:00,2026-05-28 10:45:00,MSS,long,4434.3,4430.1,4441.0,4430.1,SL,-4.2,-41.64,1
2026-05-28 12:05:00,2026-05-28 12:15:00,2026-05-28 12:20:00,MSS,long,4403.3,4398.1,4411.6,4398.1,SL,-5.2,-51.57,1
2026-05-28 12:25:00,2026-05-28 13:10:00,2026-05-28 13:30:00,MSS,short,4405.9,4411.6,4396.7,4411.6,SL,-5.7,-56.92,4
2026-05-28 13:30:00,2026-05-28 14:10:00,2026-05-28 15:00:00,BOS,long,4404.0,4396.1,4416.7,4416.7,TP,12.7,127.31,10
2026-05-28 15:15:00,2026-05-28 15:50:00,2026-05-28 17:20:00,BOS,long,4413.6,4406.5,4425.1,4425.1,TP,11.5,114.95,18
2026-05-28 17:20:00,2026-05-28 17:40:00,2026-05-28 18:05:00,MSS,long,4421.3,4416.5,4429.1,4429.1,TP,7.8,77.87,5
2026-05-28 18:05:00,2026-05-28 18:20:00,2026-05-28 18:25:00,BOS,long,4425.8,4421.9,4432.0,4432.0,TP,6.2,62.42,1
2026-05-28 20:05:00,2026-05-28 20:20:00,2026-05-28 20:20:00,BOS,long,4415.8,4410.9,4423.6,4410.9,SL,-4.9,-48.51,0
2026-05-28 20:20:00,2026-05-28 20:30:00,2026-05-28 20:30:00,MSS,short,4417.9,4423.1,4409.6,4423.1,SL,-5.2,-51.57,0
2026-05-28 21:30:00,2026-05-28 21:45:00,2026-05-28 22:05:00,MSS,short,4458.5,4464.8,4448.4,4464.8,SL,-6.3,-62.65,4
2026-05-29 01:25:00,2026-05-29 01:30:00,2026-05-29 02:00:00,BOS,short,4537.5,4541.2,4531.5,4541.2,SL,-3.7,-37.05,6
2026-05-29 02:00:00,2026-05-29 02:10:00,2026-05-29 02:35:00,MSS,long,4537.6,4531.5,4547.4,4531.5,SL,-6.1,-60.74,5
2026-05-29 03:55:00,2026-05-29 04:30:00,2026-05-29 04:35:00,BOS,short,4531.7,4534.0,4527.9,4527.9,TP,3.8,37.7,1
2026-05-29 04:35:00,2026-05-29 06:00:00,2026-05-29 06:00:00,BOS,short,4530.0,4531.7,4527.3,4527.3,TP,2.7,27.19,0
2026-05-29 06:00:00,2026-05-29 06:05:00,2026-05-29 06:05:00,MSS,long,4527.8,4525.9,4530.9,4525.9,SL,-1.9,-19.1,0
2026-05-29 06:05:00,2026-05-29 06:25:00,2026-05-29 06:55:00,MSS,short,4527.5,4530.9,4522.1,4522.1,TP,5.4,54.38,6
2026-05-29 06:55:00,2026-05-29 07:00:00,2026-05-29 07:15:00,BOS,short,4524.8,4527.1,4521.2,4527.1,SL,-2.3,-22.54,3
2026-05-29 07:40:00,2026-05-29 07:50:00,2026-05-29 07:55:00,BOS,short,4523.1,4525.5,4519.1,4525.5,SL,-2.4,-24.45,1
2026-05-29 08:15:00,2026-05-29 08:30:00,2026-05-29 08:30:00,BOS,long,4525.7,4522.6,4530.8,4530.8,TP,5.1,50.68,0
2026-05-29 09:45:00,2026-05-29 09:50:00,2026-05-29 09:50:00,MSS,short,4536.0,4538.7,4531.7,4531.7,TP,4.3,43.26,0
2026-05-29 10:00:00,2026-05-29 10:10:00,2026-05-29 10:30:00,MSS,long,4534.9,4531.0,4541.2,4531.0,SL,-3.9,-38.96,4
2026-05-29 11:45:00,2026-05-29 11:50:00,2026-05-29 11:50:00,MSS,long,4527.3,4525.2,4530.6,4530.6,TP,3.3,33.37,0
2026-05-29 12:55:00,2026-05-29 13:00:00,2026-05-29 13:00:00,BOS,long,4541.4,4538.8,4545.6,4545.6,TP,4.2,42.02,0
2026-05-29 13:30:00,2026-05-29 13:50:00,2026-05-29 13:50:00,MSS,short,4541.0,4543.3,4537.2,4543.3,SL,-2.3,-23.3,0
2026-05-29 14:50:00,2026-05-29 15:15:00,2026-05-29 15:25:00,BOS,long,4546.5,4541.8,4554.0,4541.8,SL,-4.7,-46.6,2
2026-05-29 16:45:00,2026-05-29 17:00:00,2026-05-29 17:00:00,BOS,short,4545.8,4548.7,4541.2,4548.7,SL,-2.9,-28.65,0
2026-05-29 17:40:00,2026-05-29 18:00:00,2026-05-29 18:30:00,BOS,long,4557.0,4552.8,4563.7,4563.7,TP,6.7,67.36,6
2026-05-29 19:25:00,2026-05-29 19:45:00,2026-05-29 19:50:00,BOS,short,4562.6,4565.6,4557.8,4565.6,SL,-3.0,-29.8,1
2026-05-29 19:55:00,2026-05-29 20:00:00,2026-05-29 20:05:00,MSS,long,4562.5,4558.0,4569.7,4558.0,SL,-4.5,-44.69,1
2026-05-29 20:20:00,2026-05-29 21:20:00,2026-05-29 21:30:00,MSS,short,4558.1,4563.0,4550.3,4563.0,SL,-4.9,-48.51,2
2026-05-29 22:00:00,2026-05-29 22:20:00,2026-05-29 22:25:00,BOS,long,4567.6,4559.7,4580.4,4559.7,SL,-7.9,-79.07,1
2026-05-30 00:30:00,2026-05-30 00:50:00,2026-05-30 01:20:00,BOS,long,4594.9,4591.0,4601.1,4591.0,SL,-3.9,-38.58,6
2026-05-30 02:25:00,2026-05-30 02:45:00,2026-05-30 02:45:00,MSS,long,4588.3,4586.3,4591.5,4586.3,SL,-2.0,-19.86,0
2026-05-30 02:45:00,2026-05-30 03:05:00,2026-05-30 03:45:00,MSS,short,4588.4,4592.7,4581.4,4581.4,TP,7.0,69.83,8
2026-05-30 04:40:00,2026-05-30 04:45:00,2026-05-30 04:45:00,MSS,long,4574.2,4573.2,4575.8,4573.2,SL,-1.0,-9.93,0
2026-05-30 04:50:00,2026-06-01 06:00:00,2026-06-01 06:00:00,MSS,short,4573.9,4575.8,4570.9,4575.8,SL,-1.9,-18.72,0
2026-06-01 06:00:00,2026-06-01 06:10:00,2026-06-01 07:25:00,BOS,short,4565.2,4575.8,4548.1,4575.8,SL,-10.6,-105.81,15
2026-06-01 07:25:00,2026-06-01 07:30:00,2026-06-01 07:30:00,BOS,long,4572.7,4570.5,4576.3,4570.5,SL,-2.2,-22.16,0
2026-06-01 07:30:00,2026-06-01 07:50:00,2026-06-01 08:00:00,MSS,short,4573.9,4576.3,4569.9,4576.3,SL,-2.4,-24.45,2
2026-06-01 08:15:00,2026-06-01 08:25:00,2026-06-01 08:30:00,MSS,short,4573.0,4575.8,4568.5,4568.5,TP,4.5,45.11,1
2026-06-01 08:35:00,2026-06-01 08:45:00,2026-06-01 09:00:00,BOS,short,4571.9,4575.7,4565.7,4565.7,TP,6.2,61.8,3
2026-06-01 09:55:00,2026-06-01 10:05:00,2026-06-01 10:15:00,BOS,short,4561.1,4565.2,4554.5,4565.2,SL,-4.1,-40.87,2
2026-06-01 11:05:00,2026-06-01 11:30:00,2026-06-01 11:35:00,BOS,short,4552.9,4556.2,4547.6,4547.6,TP,5.3,53.15,1
2026-06-01 11:40:00,2026-06-01 12:00:00,2026-06-01 12:45:00,BOS,short,4549.3,4554.8,4540.3,4540.3,TP,9.0,89.61,9
2026-06-01 12:45:00,2026-06-01 12:50:00,2026-06-01 13:05:00,BOS,short,4543.9,4547.7,4537.7,4547.7,SL,-3.8,-38.2,3
2026-06-01 13:30:00,2026-06-01 13:35:00,2026-06-01 13:45:00,MSS,short,4549.6,4553.8,4542.9,4553.8,SL,-4.2,-41.64,2
2026-06-01 13:45:00,2026-06-01 13:55:00,2026-06-01 14:10:00,MSS,long,4547.7,4542.9,4555.4,4542.9,SL,-4.8,-47.75,3
2026-06-01 15:40:00,2026-06-01 16:00:00,2026-06-01 16:00:00,BOS,short,4533.9,4537.8,4527.7,4527.7,TP,6.2,62.42,0
2026-06-01 17:15:00,2026-06-01 17:20:00,2026-06-01 17:20:00,MSS,long,4530.7,4527.8,4535.4,4535.4,TP,4.7,46.97,0
2026-06-01 18:05:00,2026-06-01 18:20:00,2026-06-01 18:25:00,MSS,long,4526.3,4523.3,4531.2,4531.2,TP,4.9,48.82,1
2026-06-01 18:30:00,2026-06-01 19:05:00,2026-06-01 19:05:00,BOS,long,4529.5,4525.8,4535.5,4535.5,TP,6.0,59.95,0
2026-06-01 20:20:00,2026-06-01 20:25:00,2026-06-01 20:30:00,MSS,short,4535.2,4540.0,4527.5,4527.5,TP,7.7,77.25,1
2026-06-02 00:10:00,2026-06-02 00:50:00,2026-06-02 00:50:00,MSS,short,4503.6,4508.9,4495.1,4508.9,SL,-5.3,-52.72,0
2026-06-02 00:50:00,2026-06-02 01:05:00,2026-06-02 01:25:00,MSS,long,4502.8,4497.4,4511.5,4511.5,TP,8.7,87.14,4
2026-06-02 02:55:00,2026-06-02 03:00:00,2026-06-02 03:00:00,MSS,short,4517.8,4518.8,4516.3,4516.3,TP,1.5,15.45,0
2026-06-02 03:30:00,2026-06-02 03:35:00,2026-06-02 03:35:00,BOS,short,4515.4,4516.6,4513.4,4513.4,TP,2.0,19.78,0
2026-06-02 03:50:00,2026-06-02 04:00:00,2026-06-02 04:55:00,BOS,short,4513.2,4515.5,4509.5,4515.5,SL,-2.3,-22.92,11
2026-06-02 04:55:00,2026-06-02 06:00:00,2026-06-02 06:00:00,BOS,long,4513.0,4511.2,4515.9,4515.9,TP,2.9,29.05,0
2026-06-02 06:25:00,2026-06-02 06:40:00,2026-06-02 06:45:00,BOS,short,4513.3,4514.9,4510.8,4514.9,SL,-1.6,-15.66,1
2026-06-02 06:55:00,2026-06-02 07:00:00,2026-06-02 07:00:00,MSS,long,4512.1,4509.4,4516.4,4516.4,TP,4.3,43.26,0
2026-06-02 07:30:00,2026-06-02 08:20:00,2026-06-02 08:20:00,MSS,short,4516.9,4518.3,4514.6,4518.3,SL,-1.4,-14.13,0
2026-06-02 08:20:00,2026-06-02 08:45:00,2026-06-02 09:00:00,MSS,long,4511.3,4506.2,4519.5,4506.2,SL,-5.1,-50.81,3
2026-06-02 09:05:00,2026-06-02 09:10:00,2026-06-02 09:10:00,MSS,short,4511.9,4513.8,4508.7,4513.8,SL,-1.9,-19.48,0
