break_mode,days,variant,description,actual_days,signals,trades,wins,losses,be_exits,win_rate,net_pnl,gross_profit,gross_loss,profit_factor,max_drawdown,winning_days,losing_days,skipped
Loose,30,original_1m_exec,"Original TP/SL, 5m signal and 1m execution",28.83,723,307,98,209,0,31.92,-3256.56,6455.75,-9712.31,0.66,-3541.12,7,15,159
Loose,30,be_236_1m_exec,"Move SL to entry after touching 23.6%, 1m execution",28.83,723,329,82,247,58,24.92,-3868.09,4997.62,-8865.71,0.56,-4126.08,5,17,126
Loose,30,be_500_1m_exec,"Move SL to entry after touching 50.0%, 1m execution",28.83,723,349,54,295,186,15.47,-2432.16,2933.64,-5365.8,0.55,-2723.63,3,19,97
Loose,60,original_1m_exec,"Original TP/SL, 5m signal and 1m execution",59.92,849,360,125,235,0,34.72,-2874.01,8083.72,-10957.73,0.74,-3593.2,9,18,191
Loose,60,be_236_1m_exec,"Move SL to entry after touching 23.6%, 1m execution",59.92,849,382,107,275,64,28.01,-3398.23,6521.11,-9919.34,0.66,-4233.77,7,20,157
Loose,60,be_500_1m_exec,"Move SL to entry after touching 50.0%, 1m execution",59.92,849,407,69,338,214,16.95,-2354.35,3817.95,-6172.3,0.62,-2723.63,6,21,121
Loose,90,original_1m_exec,"Original TP/SL, 5m signal and 1m execution",90.0,1539,624,241,383,0,38.62,-932.97,21013.56,-21946.53,0.96,-3593.2,23,27,336
Loose,90,be_236_1m_exec,"Move SL to entry after touching 23.6%, 1m execution",90.0,1539,656,197,459,118,30.03,-3664.85,15864.26,-19529.1,0.81,-4233.77,17,33,282
Loose,90,be_500_1m_exec,"Move SL to entry after touching 50.0%, 1m execution",90.0,1539,702,125,577,375,17.81,-3306.72,8732.55,-12039.27,0.73,-3425.87,14,36,215
Loose,120,original_1m_exec,"Original TP/SL, 5m signal and 1m execution",119.79,1712,678,266,412,0,39.23,-207.92,23879.96,-24087.88,0.99,-3593.2,25,31,387
Loose,120,be_236_1m_exec,"Move SL to entry after touching 23.6%, 1m execution",119.79,1712,713,219,494,126,30.72,-3167.04,18373.09,-21540.13,0.85,-4233.77,20,36,330
Loose,120,be_500_1m_exec,"Move SL to entry after touching 50.0%, 1m execution",119.79,1712,763,140,623,405,18.35,-2887.21,10257.72,-13144.93,0.78,-3579.23,17,39,256
Loose,150,original_1m_exec,"Original TP/SL, 5m signal and 1m execution",150.0,2460,982,379,603,0,38.59,-2397.28,31518.24,-33915.53,0.93,-3593.2,32,47,541
Loose,150,be_236_1m_exec,"Move SL to entry after touching 23.6%, 1m execution",150.0,2460,1030,313,717,198,30.39,-4722.76,24735.81,-29458.57,0.84,-4936.25,29,50,459
Loose,150,be_500_1m_exec,"Move SL to entry after touching 50.0%, 1m execution",150.0,2460,1104,188,916,616,17.03,-4301.14,13443.13,-17744.27,0.76,-4394.62,23,56,346
Loose,180,original_1m_exec,"Original TP/SL, 5m signal and 1m execution",179.91,2606,1024,396,628,0,38.67,-2205.46,32656.58,-34862.04,0.94,-3593.2,34,49,585
Loose,180,be_236_1m_exec,"Move SL to entry after touching 23.6%, 1m execution",179.91,2606,1075,329,746,203,30.6,-4635.05,25743.42,-30378.47,0.85,-5079.54,32,51,500
Loose,180,be_500_1m_exec,"Move SL to entry after touching 50.0%, 1m execution",179.91,2606,1151,195,956,640,16.94,-4598.76,13876.78,-18475.54,0.75,-4762.33,24,59,384
Loose,210,original_1m_exec,"Original TP/SL, 5m signal and 1m execution",210.0,3305,1294,496,798,0,38.33,-3055.85,38864.72,-41920.56,0.93,-3739.68,42,63,738
Loose,210,be_236_1m_exec,"Move SL to entry after touching 23.6%, 1m execution",210.0,3305,1358,410,948,260,30.19,-6011.8,30664.87,-36676.67,0.84,-6296.14,41,64,625
Loose,210,be_500_1m_exec,"Move SL to entry after touching 50.0%, 1m execution",210.0,3305,1449,236,1213,822,16.29,-6111.65,16085.14,-22196.79,0.72,-6533.81,32,73,486
Loose,240,original_1m_exec,"Original TP/SL, 5m signal and 1m execution",238.79,3422,1337,516,821,0,38.59,-2729.6,40357.53,-43087.13,0.94,-3926.04,45,64,773
Loose,240,be_236_1m_exec,"Move SL to entry after touching 23.6%, 1m execution",238.79,3422,1402,428,974,272,30.53,-5388.54,32005.62,-37394.16,0.86,-6296.14,45,64,654
Loose,240,be_500_1m_exec,"Move SL to entry after touching 50.0%, 1m execution",238.79,3422,1493,247,1246,849,16.54,-5590.7,16966.91,-22557.61,0.75,-6533.81,35,74,512
Loose,270,original_1m_exec,"Original TP/SL, 5m signal and 1m execution",270.0,4038,1543,586,957,0,37.98,-3447.31,42920.26,-46367.56,0.93,-4022.97,50,78,879
Loose,270,be_236_1m_exec,"Move SL to entry after touching 23.6%, 1m execution",270.0,4038,1614,495,1119,297,30.67,-5958.18,34436.35,-40394.53,0.85,-6296.14,50,78,749
Loose,270,be_500_1m_exec,"Move SL to entry after touching 50.0%, 1m execution",270.0,4038,1710,295,1415,940,17.25,-6223.91,18684.91,-24908.82,0.75,-6533.81,41,87,588
Loose,300,original_1m_exec,"Original TP/SL, 5m signal and 1m execution",299.97,4281,1638,620,1018,0,37.85,-4044.89,43805.27,-47850.16,0.92,-4593.84,52,83,925
Loose,300,be_236_1m_exec,"Move SL to entry after touching 23.6%, 1m execution",299.97,4281,1709,525,1184,310,30.72,-6449.75,35222.65,-41672.4,0.85,-6553.04,53,82,791
Loose,300,be_500_1m_exec,"Move SL to entry after touching 50.0%, 1m execution",299.97,4281,1809,318,1491,978,17.58,-6782.32,19205.89,-25988.22,0.74,-6819.05,44,91,620
Loose,330,original_1m_exec,"Original TP/SL, 5m signal and 1m execution",329.83,4938,1911,711,1200,0,37.21,-5542.29,46262.5,-51804.78,0.89,-6189.0,56,101,1063
Loose,330,be_236_1m_exec,"Move SL to entry after touching 23.6%, 1m execution",329.83,4938,1995,607,1388,356,30.43,-7692.66,37412.44,-45105.1,0.83,-7846.5,59,98,911
Loose,330,be_500_1m_exec,"Move SL to entry after touching 50.0%, 1m execution",329.83,4938,2109,368,1741,1139,17.45,-8021.78,20352.57,-28374.35,0.72,-8074.54,49,108,711
Loose,360,original_1m_exec,"Original TP/SL, 5m signal and 1m execution",357.83,5164,1999,736,1263,0,36.82,-6158.41,47078.37,-53236.78,0.88,-6754.92,57,108,1121
Loose,360,be_236_1m_exec,"Move SL to entry after touching 23.6%, 1m execution",357.83,5164,2089,629,1460,376,30.11,-8143.97,38152.56,-46296.53,0.82,-8311.99,60,105,961
Loose,360,be_500_1m_exec,"Move SL to entry after touching 50.0%, 1m execution",357.83,5164,2204,383,1821,1187,17.38,-8424.72,20853.72,-29278.43,0.71,-8504.9,51,114,760
Strict,30,original_1m_exec,"Original TP/SL, 5m signal and 1m execution",28.83,666,286,94,192,0,32.87,-3027.22,6220.23,-9247.45,0.67,-3267.58,7,15,152
Strict,30,be_236_1m_exec,"Move SL to entry after touching 23.6%, 1m execution",28.83,666,306,79,227,53,25.82,-3489.3,4871.19,-8360.49,0.58,-3703.09,4,18,122
Strict,30,be_500_1m_exec,"Move SL to entry after touching 50.0%, 1m execution",28.83,666,324,53,271,168,16.36,-2149.4,2990.17,-5139.57,0.58,-2424.46,4,18,95
Strict,60,original_1m_exec,"Original TP/SL, 5m signal and 1m execution",59.92,782,332,117,215,0,35.24,-2820.4,7602.78,-10423.18,0.73,-3410.87,9,18,182
Strict,60,be_236_1m_exec,"Move SL to entry after touching 23.6%, 1m execution",59.92,782,352,102,250,57,28.98,-3082.7,6253.74,-9336.44,0.67,-3846.39,6,21,151
Strict,60,be_500_1m_exec,"Move SL to entry after touching 50.0%, 1m execution",59.92,782,374,66,308,193,17.65,-2128.06,3733.54,-5861.6,0.64,-2424.46,6,21,119
Strict,90,original_1m_exec,"Original TP/SL, 5m signal and 1m execution",90.0,1430,577,222,355,0,38.47,-1488.63,19732.43,-21221.07,0.93,-3410.87,22,28,315
Strict,90,be_236_1m_exec,"Move SL to entry after touching 23.6%, 1m execution",90.0,1430,605,182,423,108,30.08,-4004.08,14868.71,-18872.79,0.79,-4177.64,17,33,269
Strict,90,be_500_1m_exec,"Move SL to entry after touching 50.0%, 1m execution",90.0,1430,642,116,526,340,18.07,-3219.25,8306.9,-11526.15,0.72,-3306.13,14,36,213
Strict,120,original_1m_exec,"Original TP/SL, 5m signal and 1m execution",119.79,1597,628,246,382,0,39.17,-1055.7,22342.66,-23398.35,0.95,-3410.87,24,32,368
Strict,120,be_236_1m_exec,"Move SL to entry after touching 23.6%, 1m execution",119.79,1597,659,203,456,117,30.8,-3730.76,17121.37,-20852.13,0.82,-4330.9,20,36,319
Strict,120,be_500_1m_exec,"Move SL to entry after touching 50.0%, 1m execution",119.79,1597,700,130,570,370,18.57,-2788.98,9847.81,-12636.8,0.78,-3344.91,16,40,256
Strict,150,original_1m_exec,"Original TP/SL, 5m signal and 1m execution",150.0,2299,911,353,558,0,38.75,-3584.81,29418.46,-33003.26,0.89,-3780.67,32,47,515
Strict,150,be_236_1m_exec,"Move SL to entry after touching 23.6%, 1m execution",150.0,2299,954,291,663,185,30.5,-5122.62,23306.62,-28429.24,0.82,-5291.91,31,48,443
Strict,150,be_500_1m_exec,"Move SL to entry after touching 50.0%, 1m execution",150.0,2299,1017,175,842,567,17.21,-4083.39,12932.75,-17016.15,0.76,-4144.61,21,58,348
Strict,180,original_1m_exec,"Original TP/SL, 5m signal and 1m execution",179.91,2440,952,371,581,0,38.97,-3328.91,30583.07,-33911.98,0.9,-3857.97,34,49,557
Strict,180,be_236_1m_exec,"Move SL to entry after touching 23.6%, 1m execution",179.91,2440,997,308,689,190,30.89,-4917.56,24340.51,-29258.07,0.83,-5364.03,34,49,483
Strict,180,be_500_1m_exec,"Move SL to entry after touching 50.0%, 1m execution",179.91,2440,1061,182,879,591,17.15,-4278.76,13354.66,-17633.42,0.76,-4410.06,22,61,386
Strict,210,original_1m_exec,"Original TP/SL, 5m signal and 1m execution",210.0,3093,1203,464,739,0,38.57,-4139.41,36501.56,-40640.97,0.9,-4300.92,45,60,703
Strict,210,be_236_1m_exec,"Move SL to entry after touching 23.6%, 1m execution",210.0,3093,1261,385,876,240,30.53,-6268.22,29046.21,-35314.43,0.82,-6407.78,44,61,602
Strict,210,be_500_1m_exec,"Move SL to entry after touching 50.0%, 1m execution",210.0,3093,1336,219,1117,757,16.39,-5886.75,15378.17,-21264.92,0.72,-6206.08,30,75,483
Strict,240,original_1m_exec,"Original TP/SL, 5m signal and 1m execution",238.79,3207,1245,483,762,0,38.8,-3953.93,37888.37,-41842.3,0.91,-4501.01,48,61,736
Strict,240,be_236_1m_exec,"Move SL to entry after touching 23.6%, 1m execution",238.79,3207,1303,402,901,252,30.85,-5723.67,30280.95,-36004.62,0.84,-6434.38,48,61,631
Strict,240,be_500_1m_exec,"Move SL to entry after touching 50.0%, 1m execution",238.79,3207,1378,230,1148,782,16.69,-5365.83,16259.94,-21625.76,0.75,-6206.08,33,76,510
Strict,270,original_1m_exec,"Original TP/SL, 5m signal and 1m execution",270.0,3801,1441,550,891,0,38.17,-4648.97,40334.62,-44983.59,0.9,-4751.36,54,74,836
Strict,270,be_236_1m_exec,"Move SL to entry after touching 23.6%, 1m execution",270.0,3801,1504,465,1039,275,30.92,-6323.61,32581.29,-38904.9,0.84,-6434.38,54,74,722
Strict,270,be_500_1m_exec,"Move SL to entry after touching 50.0%, 1m execution",270.0,3801,1583,277,1306,865,17.5,-5902.51,17944.65,-23847.16,0.75,-6206.08,39,89,583
Strict,300,original_1m_exec,"Original TP/SL, 5m signal and 1m execution",299.97,4033,1531,582,949,0,38.01,-5270.65,41176.28,-46446.94,0.89,-5352.5,56,79,882
Strict,300,be_236_1m_exec,"Move SL to entry after touching 23.6%, 1m execution",299.97,4033,1594,493,1101,288,30.93,-6839.27,33324.24,-40163.51,0.83,-6904.54,56,79,764
Strict,300,be_500_1m_exec,"Move SL to entry after touching 50.0%, 1m execution",299.97,4033,1677,297,1380,904,17.71,-6520.72,18367.58,-24888.3,0.74,-6531.36,42,93,615
Strict,330,original_1m_exec,"Original TP/SL, 5m signal and 1m execution",329.83,4637,1781,665,1116,0,37.34,-6748.63,43408.42,-50157.05,0.87,-6918.34,61,96,1012
Strict,330,be_236_1m_exec,"Move SL to entry after touching 23.6%, 1m execution",329.83,4637,1856,569,1287,332,30.66,-8016.73,35322.97,-43339.7,0.82,-8122.65,60,97,877
Strict,330,be_500_1m_exec,"Move SL to entry after touching 50.0%, 1m execution",329.83,4637,1952,346,1606,1051,17.73,-7655.34,19445.33,-27100.68,0.72,-7683.83,48,109,699
Strict,360,original_1m_exec,"Original TP/SL, 5m signal and 1m execution",357.83,4847,1862,691,1171,0,37.11,-7163.76,44264.17,-51427.93,0.86,-7286.99,62,103,1068
Strict,360,be_236_1m_exec,"Move SL to entry after touching 23.6%, 1m execution",357.83,4847,1943,592,1351,350,30.47,-8297.99,36102.96,-44400.96,0.81,-8421.81,63,102,925
Strict,360,be_500_1m_exec,"Move SL to entry after touching 50.0%, 1m execution",357.83,4847,2040,362,1678,1094,17.75,-7947.82,19986.36,-27934.17,0.72,-7995.73,50,115,746
