break_mode,days,variant,entry_mode,sl_mode,actual_days,signals,trades,wins,losses,be_exits,win_rate,net_pnl,gross_profit,gross_loss,profit_factor,max_drawdown,winning_days,losing_days,skipped
Loose,30,limit_sl_5m,limit,5m_wave_start,28.83,723,327,155,172,0,47.4,-1291.17,8002.36,-9293.53,0.86,-2333.75,10,13,668
Loose,30,engulf_sl_1m,engulf,1m_swing,28.83,723,397,120,277,0,30.23,-2140.88,3521.22,-5662.1,0.62,-2338.02,6,17,301
Loose,60,limit_sl_5m,limit,5m_wave_start,59.92,849,392,193,199,0,49.23,-1172.6,9666.01,-10838.61,0.89,-2333.75,12,16,734
Loose,60,engulf_sl_1m,engulf,1m_swing,59.92,849,466,152,314,0,32.62,-1854.48,4428.63,-6283.11,0.7,-2338.02,9,19,341
Loose,90,limit_sl_5m,limit,5m_wave_start,90.0,1539,704,364,340,0,51.7,1070.66,25305.27,-24234.61,1.04,-2333.75,26,25,1304
Loose,90,engulf_sl_1m,engulf,1m_swing,90.0,1539,780,250,530,0,32.05,-4377.5,9556.51,-13934.02,0.69,-4399.21,17,33,816
Loose,120,limit_sl_5m,limit,5m_wave_start,119.79,1712,768,395,373,0,51.43,538.11,27552.35,-27014.24,1.02,-2333.75,28,29,1448
Loose,120,engulf_sl_1m,engulf,1m_swing,119.79,1712,848,277,571,0,32.67,-4928.51,10608.5,-15537.02,0.68,-4962.29,18,38,939
Loose,150,limit_sl_5m,limit,5m_wave_start,150.0,2460,1112,557,555,0,50.09,-2308.59,34911.07,-37219.66,0.94,-3879.91,34,44,2139
Loose,150,engulf_sl_1m,engulf,1m_swing,150.0,2460,1251,378,873,0,30.22,-8429.24,13700.58,-22129.82,0.62,-8450.94,21,58,1290
Loose,180,limit_sl_5m,limit,5m_wave_start,179.91,2606,1166,585,581,0,50.17,-2235.42,36319.81,-38555.23,0.94,-4018.87,35,47,2220
Loose,180,engulf_sl_1m,engulf,1m_swing,179.91,2606,1313,398,915,0,30.31,-8512.75,14360.83,-22873.58,0.63,-8676.29,23,60,1344
Loose,210,limit_sl_5m,limit,5m_wave_start,210.0,3305,1490,749,741,0,50.27,-2586.06,43813.68,-46399.74,0.94,-5027.38,45,56,2643
Loose,210,engulf_sl_1m,engulf,1m_swing,210.0,3305,1667,514,1153,0,30.83,-10430.0,17375.52,-27805.52,0.62,-10451.71,28,76,1560
Loose,240,limit_sl_5m,limit,5m_wave_start,238.79,3422,1545,782,763,0,50.61,-2141.38,45668.46,-47809.84,0.96,-5027.38,48,57,2708
Loose,240,engulf_sl_1m,engulf,1m_swing,238.79,3422,1721,533,1188,0,30.97,-10538.96,17994.03,-28532.99,0.63,-10708.12,30,78,1590
Loose,270,limit_sl_5m,limit,5m_wave_start,270.0,4038,1795,895,900,0,49.86,-3924.72,48280.94,-52205.66,0.92,-5348.93,53,72,3017
Loose,270,engulf_sl_1m,engulf,1m_swing,270.0,4038,1974,625,1349,0,31.66,-11649.58,19156.37,-30805.95,0.62,-11724.29,35,93,1742
Loose,300,limit_sl_5m,limit,5m_wave_start,299.97,4281,1902,948,954,0,49.84,-4309.06,49373.02,-53682.07,0.92,-5757.98,55,77,3125
Loose,300,engulf_sl_1m,engulf,1m_swing,299.97,4281,2085,664,1421,0,31.85,-12030.28,19745.0,-31775.28,0.62,-12054.66,37,98,1799
Loose,330,limit_sl_5m,limit,5m_wave_start,329.83,4938,2246,1099,1147,0,48.93,-6378.58,52314.23,-58692.81,0.89,-7794.83,63,90,3497
Loose,330,engulf_sl_1m,engulf,1m_swing,329.83,4938,2450,767,1683,0,31.31,-13866.87,20913.74,-34780.62,0.6,-13888.58,41,115,1974
Loose,360,limit_sl_5m,limit,5m_wave_start,357.83,5164,2354,1146,1208,0,48.68,-6930.19,53462.81,-60393.0,0.89,-8496.83,65,96,3619
Loose,360,engulf_sl_1m,engulf,1m_swing,357.83,5164,2562,796,1766,0,31.07,-14335.97,21339.36,-35675.32,0.6,-14449.76,42,123,2059
Strict,30,limit_sl_5m,limit,5m_wave_start,28.83,666,314,150,164,0,47.77,-1495.14,7841.3,-9336.43,0.84,-2219.67,9,14,605
Strict,30,engulf_sl_1m,engulf,1m_swing,28.83,666,369,108,261,0,29.27,-1928.47,3344.27,-5272.74,0.63,-2209.68,6,17,285
Strict,60,limit_sl_5m,limit,5m_wave_start,59.92,782,374,185,189,0,49.47,-1456.66,9400.43,-10857.09,0.87,-2219.67,11,17,668
Strict,60,engulf_sl_1m,engulf,1m_swing,59.92,782,432,139,293,0,32.18,-1569.81,4220.94,-5790.76,0.73,-2209.68,9,19,324
Strict,90,limit_sl_5m,limit,5m_wave_start,90.0,1430,666,343,323,0,51.5,1169.15,25391.56,-24222.41,1.05,-2219.67,24,27,1193
Strict,90,engulf_sl_1m,engulf,1m_swing,90.0,1430,723,229,494,0,31.67,-4000.29,8964.37,-12964.66,0.69,-4022.0,17,33,761
Strict,120,limit_sl_5m,limit,5m_wave_start,119.79,1597,726,372,354,0,51.24,550.6,27399.87,-26849.27,1.02,-2219.67,26,31,1330
Strict,120,engulf_sl_1m,engulf,1m_swing,119.79,1597,789,256,533,0,32.45,-4546.3,10016.36,-14562.66,0.69,-4585.08,18,38,877
Strict,150,limit_sl_5m,limit,5m_wave_start,150.0,2299,1038,519,519,0,50.0,-2285.76,34305.94,-36591.7,0.94,-4219.48,32,46,2032
Strict,150,engulf_sl_1m,engulf,1m_swing,150.0,2299,1160,349,811,0,30.09,-7795.25,12699.21,-20494.46,0.62,-7816.96,21,58,1243
Strict,180,limit_sl_5m,limit,5m_wave_start,179.91,2440,1090,546,544,0,50.09,-2209.55,35690.03,-37899.58,0.94,-4358.44,33,49,2109
Strict,180,engulf_sl_1m,engulf,1m_swing,179.91,2440,1219,369,850,0,30.27,-7901.83,13309.4,-21211.22,0.63,-7997.81,22,61,1294
Strict,210,limit_sl_5m,limit,5m_wave_start,210.0,3093,1394,700,694,0,50.22,-2523.89,42893.32,-45417.21,0.94,-5334.93,42,60,2493
Strict,210,engulf_sl_1m,engulf,1m_swing,210.0,3093,1548,479,1069,0,30.94,-9732.22,16114.27,-25846.5,0.62,-9753.93,27,77,1508
Strict,240,limit_sl_5m,limit,5m_wave_start,238.79,3207,1430,718,712,0,50.21,-2788.22,43876.02,-46664.24,0.94,-5334.93,43,62,2621
Strict,240,engulf_sl_1m,engulf,1m_swing,238.79,3207,1600,496,1104,0,31.0,-9896.34,16677.62,-26573.96,0.63,-10065.5,29,79,1538
Strict,270,limit_sl_5m,limit,5m_wave_start,270.0,3801,1667,822,845,0,49.31,-4687.14,46298.48,-50985.62,0.91,-6473.76,47,78,2932
Strict,270,engulf_sl_1m,engulf,1m_swing,270.0,3801,1844,584,1260,0,31.67,-10951.19,17804.52,-28755.71,0.62,-11025.9,34,94,1681
Strict,300,limit_sl_5m,limit,5m_wave_start,299.97,4033,1768,871,897,0,49.26,-5083.83,47349.95,-52433.78,0.9,-6884.62,48,84,3041
Strict,300,engulf_sl_1m,engulf,1m_swing,299.97,4033,1950,620,1330,0,31.79,-11336.0,18365.05,-29701.04,0.62,-11357.7,36,99,1737
Strict,330,limit_sl_5m,limit,5m_wave_start,329.83,4637,2092,1015,1077,0,48.52,-7064.95,50191.2,-57256.15,0.88,-8843.61,54,99,3387
Strict,330,engulf_sl_1m,engulf,1m_swing,329.83,4637,2291,717,1574,0,31.3,-13066.9,19492.49,-32559.4,0.6,-13088.61,38,118,1896
Strict,360,limit_sl_5m,limit,5m_wave_start,357.83,4847,2193,1059,1134,0,48.29,-7629.81,51303.26,-58933.08,0.87,-9558.87,57,104,3514
Strict,360,engulf_sl_1m,engulf,1m_swing,357.83,4847,2396,744,1652,0,31.05,-13494.91,19908.2,-33403.1,0.6,-13608.7,39,125,1978
