signal_time,entry_time,exit_time,kind,direction,entry,sl,final_sl,tp,break_even_moved,break_even_time,exit_price,exit_reason,points,dollars,bars_held
2026-02-12 21:45:00,2026-02-12 23:40:00,2026-02-12 23:59:00,BOS,long,5068.1,5061.9,5061.9,5075.6,False,,5059.8,SL,-8.3,-87.0,2
2026-02-26 09:00:00,2026-02-26 09:12:00,2026-02-26 09:23:00,BOS,long,5202.9,5196.3,5202.9,5214.0,True,2026-02-26 09:21:00,5202.9,BE,0.0,-4.0,11
2026-02-26 09:30:00,2026-02-26 09:39:00,2026-02-26 10:00:00,EXTEND,short,5200.7,5211.1,5211.1,5194.2,False,,5211.1,SL,-10.4,-108.0,21
2026-02-26 13:25:00,2026-02-26 13:49:00,2026-02-26 15:02:00,EXTEND,long,5210.0,5205.7,5205.7,5221.7,False,,5205.7,SL,-4.3,-47.0,73
2026-02-26 15:05:00,2026-02-26 15:20:00,2026-02-26 15:25:00,BOS,short,5203.9,5211.5,5203.9,5197.6,True,2026-02-26 15:23:00,5203.9,BE,0.0,-4.0,5
2026-02-26 15:50:00,2026-02-26 15:59:00,2026-02-26 16:02:00,EXTEND,short,5202.6,5206.5,5202.6,5196.2,True,2026-02-26 16:01:00,5196.2,TP,6.4,60.0,3
2026-02-26 16:10:00,2026-02-26 16:19:00,2026-02-26 16:27:00,MSS,long,5203.7,5195.8,5195.8,5207.7,False,,5195.8,SL,-7.9,-83.0,8
2026-02-26 16:45:00,2026-02-26 16:53:00,2026-02-26 18:57:00,EXTEND,short,5194.9,5207.7,5194.9,5183.1,True,2026-02-26 18:36:00,5183.1,TP,11.8,114.0,124
2026-02-26 18:55:00,2026-02-26 19:08:00,2026-02-26 19:54:00,EXTEND,short,5191.4,5194.7,5191.4,5181.0,True,2026-02-26 19:51:00,5181.0,TP,10.4,100.0,46
2026-02-26 20:00:00,2026-02-26 20:13:00,2026-02-26 20:23:00,EXTEND,short,5183.7,5191.6,5191.6,5173.1,False,,5191.6,SL,-7.9,-83.0,10
2026-02-26 21:10:00,2026-02-26 21:23:00,2026-02-26 21:30:00,EXTEND,short,5191.7,5200.9,5191.7,5184.5,True,2026-02-26 21:30:00,5184.5,TP,7.2,68.0,7
2026-02-26 22:25:00,2026-02-26 22:34:00,2026-02-26 22:36:00,EXTEND,long,5181.6,5175.9,5181.6,5188.7,True,2026-02-26 22:35:00,5188.7,TP,7.1,67.0,2
2026-02-26 22:35:00,2026-02-26 22:42:00,2026-02-26 22:45:00,EXTEND,long,5182.0,5175.9,5182.0,5191.2,True,2026-02-26 22:43:00,5182.0,BE,0.0,-4.0,3
2026-02-26 22:45:00,2026-02-26 22:54:00,2026-02-26 23:01:00,EXTEND,long,5185.1,5175.9,5175.9,5192.5,False,,5175.9,SL,-9.2,-96.0,7
2026-02-26 23:40:00,2026-02-26 23:45:00,2026-02-26 23:46:00,MSS,long,5195.5,5145.2,5195.5,5192.8,True,2026-02-26 23:46:00,5195.6,TP,0.1,-3.0,1
2026-02-27 01:45:00,2026-02-27 01:53:00,2026-02-27 01:54:00,BOS,short,5183.3,5194.9,5183.3,5181.4,True,2026-02-27 01:54:00,5183.3,BE,0.0,-4.0,1
2026-02-27 02:10:00,2026-02-27 02:15:00,2026-02-27 02:16:00,MSS,long,5192.3,5180.4,5192.3,5190.6,True,2026-02-27 02:16:00,5192.3,BE,0.0,-4.0,1
2026-02-27 02:30:00,2026-02-27 02:36:00,2026-02-27 02:43:00,EXTEND,long,5187.9,5180.4,5187.9,5197.8,True,2026-02-27 02:39:00,5197.8,TP,9.9,95.0,7
2026-02-27 03:45:00,2026-02-27 07:00:00,2026-02-27 07:01:00,BOS,long,5206.8,5200.3,5200.3,5211.4,False,,5200.3,SL,-6.5,-69.0,1
2026-02-27 07:00:00,2026-02-27 07:08:00,2026-02-27 07:09:00,BOS,short,5196.6,5208.6,5196.6,5192.1,True,2026-02-27 07:09:00,5196.6,BE,0.0,-4.0,1
2026-02-27 08:15:00,2026-02-27 08:20:00,2026-02-27 08:21:00,MSS,long,5208.0,5195.3,5208.0,5207.0,True,2026-02-27 08:21:00,5208.0,BE,0.0,-4.0,1
2026-02-27 08:35:00,2026-02-27 08:41:00,2026-02-27 08:42:00,MSS,short,5188.5,5211.5,5188.5,5187.3,True,2026-02-27 08:42:00,5188.5,BE,0.0,-4.0,1
2026-02-27 11:30:00,2026-02-27 11:39:00,2026-02-27 11:44:00,EXTEND,long,5203.0,5197.7,5203.0,5205.8,True,2026-02-27 11:42:00,5203.0,BE,0.0,-4.0,5
2026-02-27 11:45:00,2026-02-27 12:02:00,2026-02-27 12:20:00,BOS,long,5202.5,5200.0,5200.0,5207.4,False,,5200.0,SL,-2.5,-29.0,18
2026-02-27 12:25:00,2026-02-27 12:32:00,2026-02-27 12:39:00,EXTEND,long,5203.9,5200.7,5203.9,5205.5,True,2026-02-27 12:36:00,5203.9,BE,0.0,-4.0,7
2026-02-27 12:55:00,2026-02-27 13:09:00,2026-02-27 13:24:00,EXTEND,short,5201.4,5205.2,5205.2,5197.2,False,,5205.2,SL,-3.8,-42.0,15
2026-02-27 13:55:00,2026-02-27 14:11:00,2026-02-27 14:16:00,BOS,long,5214.5,5207.8,5214.5,5217.4,True,2026-02-27 14:15:00,5214.5,BE,0.0,-4.0,5
2026-02-27 15:15:00,2026-02-27 15:26:00,2026-02-27 15:31:00,EXTEND,short,5199.1,5206.6,5199.1,5194.3,True,2026-02-27 15:29:00,5194.3,TP,4.8,44.0,5
2026-02-27 15:55:00,2026-02-27 16:06:00,2026-02-27 16:17:00,BOS,short,5196.6,5199.6,5196.6,5192.6,True,2026-02-27 16:16:00,5196.6,BE,0.0,-4.0,11
2026-02-27 16:20:00,2026-02-27 16:36:00,2026-02-27 16:56:00,EXTEND,short,5196.9,5199.6,5196.9,5191.0,True,2026-02-27 16:54:00,5196.9,BE,0.0,-4.0,20
2026-02-27 17:10:00,2026-02-27 17:17:00,2026-02-27 17:27:00,EXTEND,short,5194.3,5199.2,5199.2,5191.6,False,,5199.2,SL,-4.9,-53.0,10
2026-02-27 18:20:00,2026-02-27 18:25:00,2026-02-27 18:26:00,EXTEND,long,5195.4,5184.0,5195.4,5196.7,True,2026-02-27 18:26:00,5195.4,BE,0.0,-4.0,1
2026-02-27 18:25:00,2026-02-27 18:32:00,2026-02-27 18:53:00,EXTEND,long,5192.4,5184.0,5192.4,5197.2,True,2026-02-27 18:48:00,5192.4,BE,0.0,-4.0,21
2026-02-27 19:15:00,2026-02-27 19:26:00,2026-02-27 19:29:00,EXTEND,short,5191.3,5194.2,5194.2,5188.4,False,,5194.2,SL,-2.9,-33.0,3
2026-02-27 22:00:00,2026-02-27 22:10:00,2026-02-27 22:21:00,EXTEND,long,5241.1,5228.2,5241.1,5248.0,True,2026-02-27 22:11:00,5248.0,TP,6.9,65.0,11
2026-02-27 22:20:00,2026-02-27 22:35:00,2026-02-27 22:39:00,BOS,long,5245.8,5234.7,5234.7,5254.1,False,,5234.7,SL,-11.1,-115.0,4
2026-02-27 23:15:00,2026-02-27 23:26:00,2026-02-27 23:52:00,EXTEND,long,5241.5,5236.8,5241.5,5258.4,True,2026-02-27 23:38:00,5258.4,TP,16.9,165.0,26
2026-02-28 00:15:00,2026-02-28 00:25:00,2026-02-28 01:01:00,EXTEND,long,5253.1,5244.0,5244.0,5276.6,False,,5244.0,SL,-9.1,-95.0,36
2026-02-28 01:00:00,2026-02-28 01:13:00,2026-02-28 01:14:00,EXTEND,short,5247.3,5256.9,5247.3,5243.7,True,2026-02-28 01:14:00,5247.3,BE,0.0,-4.0,1
2026-02-28 01:40:00,2026-02-28 01:49:00,2026-02-28 01:50:00,MSS,long,5254.1,5237.4,5254.1,5254.4,True,2026-02-28 01:50:00,5253.8,BE,-0.3,-7.0,1
2026-02-28 02:20:00,2026-02-28 02:25:00,2026-02-28 02:26:00,MSS,short,5242.7,5256.4,5242.7,5243.3,True,2026-02-28 02:26:00,5242.7,BE,0.0,-4.0,1
2026-02-28 02:25:00,2026-02-28 02:32:00,2026-02-28 02:43:00,EXTEND,short,5246.8,5256.4,5256.4,5240.0,False,,5256.4,SL,-9.6,-100.0,11
2026-03-02 10:05:00,2026-03-02 10:13:00,2026-03-02 10:37:00,EXTEND,short,5340.0,5351.8,5351.8,5329.0,False,,5351.8,SL,-11.8,-122.0,24
2026-03-02 11:30:00,2026-03-02 11:37:00,2026-03-02 11:38:00,EXTEND,long,5374.6,5362.6,5374.6,5373.5,True,2026-03-02 11:38:00,5374.4,BE,-0.2,-6.0,1
2026-03-02 12:00:00,2026-03-02 12:10:00,2026-03-02 12:35:00,EXTEND,long,5371.4,5366.2,5371.4,5380.1,True,2026-03-02 12:19:00,5371.4,BE,0.0,-4.0,25
2026-03-02 13:30:00,2026-03-02 13:38:00,2026-03-02 13:39:00,MSS,long,5371.7,5353.6,5371.7,5371.1,True,2026-03-02 13:39:00,5372.2,TP,0.5,1.0,1
2026-03-02 16:40:00,2026-03-02 16:50:00,2026-03-02 16:55:00,MSS,short,5421.0,5432.0,5421.0,5411.5,True,2026-03-02 16:53:00,5411.5,TP,9.5,91.0,5
2026-03-02 17:20:00,2026-03-02 17:34:00,2026-03-02 18:02:00,EXTEND,short,5412.2,5425.9,5412.2,5400.5,True,2026-03-02 17:46:00,5400.5,TP,11.7,113.0,28
2026-03-02 18:40:00,2026-03-02 18:57:00,2026-03-02 19:10:00,EXTEND,long,5400.7,5398.1,5398.1,5416.5,False,,5398.1,SL,-2.6,-30.0,13
2026-03-02 19:45:00,2026-03-02 20:14:00,2026-03-02 21:03:00,MSS,short,5405.8,5414.8,5414.8,5387.0,False,,5414.8,SL,-9.0,-94.0,49
2026-03-02 21:10:00,2026-03-02 21:27:00,2026-03-02 21:30:00,MSS,short,5413.1,5425.5,5425.5,5396.0,False,,5425.5,SL,-12.4,-128.0,3
2026-03-03 00:25:00,2026-03-03 00:38:00,2026-03-03 00:42:00,MSS,long,5318.2,5294.5,5318.2,5328.5,True,2026-03-03 00:39:00,5318.2,BE,0.0,-4.0,4
2026-03-03 01:30:00,2026-03-03 01:53:00,2026-03-03 02:08:00,BOS,long,5319.1,5306.2,5306.2,5334.7,False,,5306.2,SL,-12.9,-133.0,15
2026-03-03 07:05:00,2026-03-03 07:24:00,2026-03-03 08:14:00,EXTEND,long,5349.7,5335.4,5349.7,5361.6,True,2026-03-03 07:50:00,5361.6,TP,11.9,115.0,50
2026-03-03 08:30:00,2026-03-03 08:55:00,2026-03-03 09:03:00,EXTEND,long,5366.6,5350.4,5366.6,5376.9,True,2026-03-03 09:00:00,5376.9,TP,10.3,99.0,8
2026-03-03 09:25:00,2026-03-03 09:50:00,2026-03-03 09:56:00,EXTEND,long,5367.6,5360.4,5360.4,5394.5,False,,5360.4,SL,-7.2,-76.0,6
2026-03-03 10:00:00,2026-03-03 10:32:00,2026-03-03 13:48:00,EXTEND,short,5374.2,5394.5,5374.2,5346.3,True,2026-03-03 13:34:00,5346.3,TP,27.9,275.0,196
2026-03-03 14:10:00,2026-03-03 14:24:00,2026-03-03 15:38:00,BOS,short,5321.5,5337.0,5337.0,5291.8,False,,5337.0,SL,-15.5,-159.0,74
2026-03-03 16:05:00,2026-03-03 16:17:00,2026-03-03 16:31:00,EXTEND,long,5338.3,5321.7,5321.7,5349.0,False,,5321.7,SL,-16.6,-170.0,14
2026-03-03 16:55:00,2026-03-03 17:04:00,2026-03-03 17:05:00,BOS,short,5302.2,5324.2,5302.2,5302.7,True,2026-03-03 17:05:00,5302.0,TP,0.2,-2.0,1
2026-03-03 17:05:00,2026-03-03 17:13:00,2026-03-03 17:24:00,EXTEND,short,5307.0,5324.2,5307.0,5295.9,True,2026-03-03 17:23:00,5295.9,TP,11.1,107.0,11
2026-03-03 17:55:00,2026-03-03 18:03:00,2026-03-03 18:04:00,EXTEND,long,5297.0,5270.9,5297.0,5292.8,True,2026-03-03 18:04:00,5296.3,BE,-0.7,-11.0,1
2026-03-03 18:00:00,2026-03-03 18:10:00,2026-03-03 18:28:00,BOS,long,5288.7,5270.9,5288.7,5299.8,True,2026-03-03 18:27:00,5288.7,BE,0.0,-4.0,18
2026-03-03 21:00:00,2026-03-03 21:05:00,2026-03-03 21:06:00,MSS,short,5180.8,5236.8,5180.8,5185.0,True,2026-03-03 21:06:00,5180.7,TP,0.1,-3.0,1
2026-03-04 02:00:00,2026-03-04 02:09:00,2026-03-04 02:10:00,MSS,long,5108.8,5077.6,5108.8,5106.3,True,2026-03-04 02:10:00,5108.9,TP,0.1,-3.0,1
2026-03-04 03:05:00,2026-03-04 03:10:00,2026-03-04 03:11:00,MSS,short,5130.9,5161.4,5130.9,5137.9,True,2026-03-04 03:11:00,5131.4,BE,-0.5,-9.0,1
2026-03-04 08:00:00,2026-03-04 08:14:00,2026-03-04 08:20:00,MSS,short,5124.3,5136.0,5136.0,5114.4,False,,5136.0,SL,-11.7,-121.0,6
2026-03-04 08:50:00,2026-03-04 08:56:00,2026-03-04 09:00:00,EXTEND,long,5142.4,5130.6,5142.4,5149.3,True,2026-03-04 08:58:00,5149.3,TP,6.9,65.0,4
2026-03-04 10:10:00,2026-03-04 10:26:00,2026-03-04 10:35:00,EXTEND,long,5189.3,5177.4,5177.4,5200.5,False,,5177.4,SL,-11.9,-123.0,9
2026-03-04 12:10:00,2026-03-04 12:25:00,2026-03-04 12:42:00,EXTEND,long,5175.6,5162.3,5162.3,5189.8,False,,5162.3,SL,-13.3,-137.0,17
2026-03-05 08:20:00,2026-03-05 08:49:00,2026-03-05 08:50:00,EXTEND,long,5188.1,5170.6,5188.1,5191.2,True,2026-03-05 08:50:00,5188.1,BE,0.0,-4.0,1
2026-03-05 09:10:00,2026-03-05 09:26:00,2026-03-05 09:42:00,EXTEND,long,5188.7,5177.7,5177.7,5197.9,False,,5177.7,SL,-11.0,-114.0,16
2026-03-05 10:20:00,2026-03-05 10:40:00,2026-03-05 10:50:00,EXTEND,long,5191.9,5182.0,5191.9,5197.4,True,2026-03-05 10:50:00,5191.9,BE,0.0,-4.0,10
2026-03-05 11:05:00,2026-03-05 11:32:00,2026-03-05 11:38:00,EXTEND,long,5196.6,5183.3,5196.6,5204.5,True,2026-03-05 11:36:00,5196.6,BE,0.0,-4.0,6
2026-03-05 12:00:00,2026-03-05 12:14:00,2026-03-05 12:29:00,EXTEND,short,5192.8,5200.0,5192.8,5185.4,True,2026-03-05 12:26:00,5185.4,TP,7.4,70.0,15
2026-03-05 14:10:00,2026-03-05 14:42:00,2026-03-05 15:02:00,EXTEND,short,5159.3,5178.4,5178.4,5129.4,False,,5178.4,SL,-19.1,-195.0,20
2026-03-05 16:20:00,2026-03-05 16:43:00,2026-03-05 16:45:00,EXTEND,short,5169.9,5175.4,5175.4,5146.3,False,,5175.4,SL,-5.5,-59.0,2
2026-03-06 07:00:00,2026-03-06 07:12:00,2026-03-06 07:53:00,EXTEND,long,5096.8,5081.9,5096.8,5117.0,True,2026-03-06 07:42:00,5096.8,BE,0.0,-4.0,41
2026-03-06 09:00:00,2026-03-06 09:07:00,2026-03-06 09:31:00,MSS,short,5086.8,5098.4,5098.4,5074.1,False,,5098.4,SL,-11.6,-120.0,24
2026-03-06 11:20:00,2026-03-06 11:44:00,2026-03-06 12:20:00,EXTEND,long,5141.2,5130.3,5141.2,5149.8,True,2026-03-06 12:13:00,5141.2,BE,0.0,-4.0,36
2026-03-06 12:25:00,2026-03-06 12:34:00,2026-03-06 12:37:00,MSS,short,5138.4,5145.4,5138.4,5136.1,True,2026-03-06 12:35:00,5138.4,BE,0.0,-4.0,3
2026-03-06 13:25:00,2026-03-06 13:32:00,2026-03-06 13:34:00,MSS,long,5133.3,5131.5,5131.5,5139.2,False,,5131.5,SL,-1.8,-22.0,2
2026-03-06 14:20:00,2026-03-06 14:26:00,2026-03-06 14:27:00,MSS,long,5131.4,5121.3,5131.4,5131.4,True,2026-03-06 14:27:00,5131.3,BE,-0.1,-5.0,1
2026-03-06 14:25:00,2026-03-06 14:41:00,2026-03-06 14:42:00,EXTEND,long,5129.5,5121.3,5129.5,5131.9,True,2026-03-06 14:42:00,5129.4,BE,-0.1,-5.0,1
2026-03-06 15:05:00,2026-03-06 15:28:00,2026-03-06 15:34:00,EXTEND,short,5121.4,5131.3,5121.4,5114.0,True,2026-03-06 15:33:00,5121.4,BE,0.0,-4.0,6
2026-03-06 16:05:00,2026-03-06 16:14:00,2026-03-06 16:22:00,EXTEND,long,5124.1,5116.5,5116.5,5132.4,False,,5116.5,SL,-7.6,-80.0,8
2026-03-06 16:30:00,2026-03-06 16:49:00,2026-03-06 17:13:00,EXTEND,short,5117.3,5126.4,5117.3,5104.4,True,2026-03-06 17:05:00,5104.4,TP,12.9,125.0,24
2026-03-06 17:35:00,2026-03-06 17:46:00,2026-03-06 17:48:00,BOS,short,5099.1,5112.5,5099.1,5093.0,True,2026-03-06 17:48:00,5099.1,BE,0.0,-4.0,2
2026-03-06 18:05:00,2026-03-06 18:31:00,2026-03-06 18:45:00,EXTEND,short,5094.5,5112.5,5094.5,5084.1,True,2026-03-06 18:44:00,5094.5,BE,0.0,-4.0,14
2026-03-06 19:30:00,2026-03-06 19:50:00,2026-03-06 19:54:00,EXTEND,long,5094.5,5089.2,5089.2,5109.4,False,,5089.2,SL,-5.3,-57.0,4
2026-03-06 19:55:00,2026-03-06 20:16:00,2026-03-06 21:30:00,EXTEND,short,5097.5,5109.4,5097.5,5070.5,True,2026-03-06 21:05:00,5097.5,BE,0.0,-4.0,74
2026-03-06 21:35:00,2026-03-06 21:59:00,2026-03-06 22:59:00,EXTEND,long,5093.7,5073.2,5093.7,5140.2,True,2026-03-06 22:56:00,5140.2,TP,46.5,461.0,60
2026-03-06 23:25:00,2026-03-06 23:53:00,2026-03-07 00:11:00,EXTEND,long,5153.0,5146.8,5146.8,5181.9,False,,5146.8,SL,-6.2,-66.0,18
2026-03-07 00:40:00,2026-03-07 00:49:00,2026-03-07 00:52:00,EXTEND,short,5151.9,5156.2,5156.2,5135.1,False,,5156.2,SL,-4.3,-47.0,3
2026-03-07 01:35:00,2026-03-07 01:48:00,2026-03-07 01:49:00,EXTEND,long,5148.8,5146.5,5146.5,5161.9,False,,5146.5,SL,-2.3,-27.0,1
2026-03-07 03:15:00,2026-03-07 03:32:00,2026-03-07 03:45:00,EXTEND,long,5175.3,5165.6,5165.6,5184.3,False,,5165.6,SL,-9.7,-101.0,13
2026-03-09 08:45:00,2026-03-09 09:00:00,2026-03-09 09:01:00,BOS,short,5025.7,5067.6,5025.7,5040.1,True,2026-03-09 09:01:00,5025.3,TP,0.4,-0.0,1
2026-03-09 09:05:00,2026-03-09 09:11:00,2026-03-09 09:12:00,MSS,long,5068.0,5020.8,5068.0,5066.8,True,2026-03-09 09:12:00,5068.0,BE,0.0,-4.0,1
2026-03-09 10:10:00,2026-03-09 10:30:00,2026-03-09 10:31:00,MSS,long,5093.0,5061.3,5093.0,5102.9,True,2026-03-09 10:31:00,5093.0,BE,0.0,-4.0,1
2026-03-09 12:05:00,2026-03-09 12:18:00,2026-03-09 12:28:00,BOS,long,5098.7,5093.2,5098.7,5103.7,True,2026-03-09 12:27:00,5098.7,BE,0.0,-4.0,10
2026-03-09 13:05:00,2026-03-09 13:21:00,2026-03-09 13:22:00,EXTEND,long,5102.0,5091.3,5102.0,5108.8,True,2026-03-09 13:22:00,5108.8,TP,6.8,64.0,1
2026-03-09 13:20:00,2026-03-09 13:31:00,2026-03-09 13:32:00,EXTEND,long,5108.2,5091.3,5108.2,5112.2,True,2026-03-09 13:32:00,5108.2,BE,0.0,-4.0,1
2026-03-09 15:30:00,2026-03-09 15:41:00,2026-03-09 15:42:00,EXTEND,long,5114.3,5102.5,5114.3,5115.2,True,2026-03-09 15:42:00,5114.3,BE,0.0,-4.0,1
2026-03-09 16:00:00,2026-03-09 16:17:00,2026-03-09 16:19:00,BOS,long,5112.5,5101.0,5112.5,5118.5,True,2026-03-09 16:18:00,5112.5,BE,0.0,-4.0,2
2026-03-09 16:50:00,2026-03-09 16:58:00,2026-03-09 16:59:00,EXTEND,long,5106.1,5096.6,5106.1,5110.8,True,2026-03-09 16:59:00,5106.1,BE,0.0,-4.0,1
2026-03-09 17:30:00,2026-03-09 17:50:00,2026-03-09 18:31:00,EXTEND,long,5115.0,5100.3,5100.3,5140.8,False,,5100.3,SL,-14.7,-151.0,41
2026-03-09 21:40:00,2026-03-09 21:45:00,2026-03-09 21:46:00,MSS,short,5081.0,5119.7,5081.0,5082.1,True,2026-03-09 21:46:00,5081.1,BE,-0.1,-5.0,1
2026-03-09 22:45:00,2026-03-09 23:12:00,2026-03-10 02:36:00,EXTEND,long,5095.4,5067.4,5095.4,5124.7,True,2026-03-09 23:54:00,5124.7,TP,29.3,289.0,204
2026-03-10 03:20:00,2026-03-10 03:39:00,2026-03-10 04:00:00,EXTEND,long,5140.5,5128.0,5140.5,5154.4,True,2026-03-10 03:55:00,5154.4,TP,13.9,135.0,21
2026-03-10 07:15:00,2026-03-10 07:36:00,2026-03-10 07:44:00,BOS,long,5153.3,5147.7,5147.7,5166.0,False,,5147.7,SL,-5.6,-60.0,8
2026-03-10 08:30:00,2026-03-10 08:39:00,2026-03-10 09:00:00,EXTEND,short,5143.2,5151.5,5143.2,5134.6,True,2026-03-10 08:58:00,5134.6,TP,8.6,82.0,21
2026-03-10 13:30:00,2026-03-10 13:42:00,2026-03-10 13:46:00,MSS,short,5178.8,5180.8,5178.8,5176.1,True,2026-03-10 13:45:00,5176.1,TP,2.7,23.0,4
2026-03-10 14:10:00,2026-03-10 14:29:00,2026-03-10 14:31:00,EXTEND,long,5185.2,5178.0,5185.2,5190.0,True,2026-03-10 14:30:00,5185.2,BE,0.0,-4.0,2
2026-03-10 15:50:00,2026-03-10 15:59:00,2026-03-10 16:00:00,EXTEND,long,5190.2,5167.4,5190.2,5189.2,True,2026-03-10 16:00:00,5190.4,TP,0.2,-2.0,1
2026-03-10 16:45:00,2026-03-10 17:02:00,2026-03-10 18:05:00,EXTEND,long,5194.0,5185.0,5185.0,5203.9,False,,5185.0,SL,-9.0,-94.0,63
2026-03-10 18:05:00,2026-03-10 18:17:00,2026-03-10 18:18:00,EXTEND,short,5185.0,5198.3,5185.0,5184.2,True,2026-03-10 18:18:00,5184.2,TP,0.8,4.0,1
2026-03-10 18:35:00,2026-03-10 18:54:00,2026-03-10 19:04:00,EXTEND,short,5182.5,5191.4,5191.4,5165.7,False,,5191.4,SL,-8.9,-93.0,10
2026-03-10 20:30:00,2026-03-10 20:35:00,2026-03-10 20:36:00,EXTEND,long,5191.6,5171.2,5191.6,5191.1,True,2026-03-10 20:36:00,5191.7,TP,0.1,-3.0,1
2026-03-10 21:25:00,2026-03-10 21:49:00,2026-03-10 23:31:00,EXTEND,long,5214.1,5189.9,5214.1,5238.7,True,2026-03-10 23:10:00,5238.7,TP,24.6,242.0,102
2026-03-10 23:45:00,2026-03-10 23:53:00,2026-03-11 00:12:00,EXTEND,long,5240.1,5232.9,5232.9,5248.7,False,,5232.9,SL,-7.2,-76.0,19
2026-03-11 00:10:00,2026-03-11 00:28:00,2026-03-11 01:08:00,EXTEND,short,5242.2,5248.7,5242.2,5232.2,True,2026-03-11 00:50:00,5242.2,BE,0.0,-4.0,40
2026-03-11 01:15:00,2026-03-11 01:33:00,2026-03-11 02:02:00,EXTEND,short,5240.9,5244.0,5240.9,5232.6,True,2026-03-11 02:00:00,5232.6,TP,8.3,79.0,29
2026-03-11 02:15:00,2026-03-11 02:33:00,2026-03-11 20:30:00,EXTEND,short,5207.2,5242.2,5207.2,5169.1,True,2026-03-11 16:38:00,5207.2,BE,0.0,-4.0,1017
2026-03-11 21:00:00,2026-03-11 21:08:00,2026-03-11 21:20:00,EXTEND,short,5185.1,5189.9,5189.9,5169.0,False,,5189.9,SL,-4.8,-52.0,12
2026-03-11 21:50:00,2026-03-11 22:03:00,2026-03-11 22:04:00,EXTEND,short,5186.4,5191.1,5191.1,5156.0,False,,5191.1,SL,-4.7,-51.0,1
2026-03-11 22:30:00,2026-03-11 22:44:00,2026-03-11 22:45:00,EXTEND,long,5190.7,5193.4,5193.4,5204.2,False,,5190.6,SL,-0.1,-5.0,1
2026-03-12 01:05:00,2026-03-12 01:23:00,2026-03-12 01:26:00,BOS,long,5181.0,5177.7,5177.7,5188.6,False,,5177.7,SL,-3.3,-37.0,3
2026-03-12 01:40:00,2026-03-12 01:52:00,2026-03-12 02:07:00,EXTEND,short,5173.3,5181.6,5181.6,5161.1,False,,5181.6,SL,-8.3,-87.0,15
2026-03-12 03:50:00,2026-03-12 03:56:00,2026-03-12 03:57:00,BOS,long,5189.4,5184.5,5189.4,5190.2,True,2026-03-12 03:57:00,5190.2,TP,0.8,4.0,1
2026-03-12 06:55:00,2026-03-12 07:22:00,2026-03-12 08:00:00,BOS,short,5158.1,5174.5,5158.1,5135.6,True,2026-03-12 07:47:00,5135.6,TP,22.5,221.0,38
2026-03-12 08:05:00,2026-03-12 08:17:00,2026-03-12 08:25:00,EXTEND,short,5146.0,5159.2,5159.2,5130.1,False,,5159.2,SL,-13.2,-136.0,8
2026-03-12 09:00:00,2026-03-12 09:18:00,2026-03-12 09:43:00,BOS,long,5163.1,5157.2,5163.1,5172.3,True,2026-03-12 09:39:00,5172.3,TP,9.2,88.0,25
2026-03-12 12:25:00,2026-03-12 12:32:00,2026-03-12 12:34:00,EXTEND,short,5156.2,5159.4,5156.2,5155.0,True,2026-03-12 12:33:00,5155.0,TP,1.2,8.0,2
2026-03-12 13:10:00,2026-03-12 13:22:00,2026-03-12 13:25:00,EXTEND,long,5149.8,5145.3,5145.3,5154.0,False,,5145.3,SL,-4.5,-49.0,3
2026-03-12 14:25:00,2026-03-12 14:31:00,2026-03-12 14:32:00,MSS,long,5165.2,5152.5,5165.2,5162.8,True,2026-03-12 14:32:00,5165.3,TP,0.1,-3.0,1
2026-03-12 16:00:00,2026-03-12 16:49:00,2026-03-12 17:59:00,EXTEND,long,5185.9,5174.2,5185.9,5195.7,True,2026-03-12 17:32:00,5195.7,TP,9.8,94.0,70
2026-03-12 18:05:00,2026-03-12 18:22:00,2026-03-12 18:26:00,EXTEND,long,5191.9,5189.1,5189.1,5197.9,False,,5189.1,SL,-2.8,-32.0,4
2026-03-12 19:20:00,2026-03-12 19:29:00,2026-03-12 20:03:00,EXTEND,short,5182.4,5189.6,5182.4,5178.6,True,2026-03-12 20:02:00,5182.4,BE,0.0,-4.0,34
2026-03-12 20:20:00,2026-03-12 20:33:00,2026-03-12 20:49:00,EXTEND,short,5178.9,5187.2,5187.2,5169.1,False,,5187.2,SL,-8.3,-87.0,16
2026-03-12 21:15:00,2026-03-12 21:20:00,2026-03-12 21:21:00,MSS,short,5176.9,5192.6,5176.9,5178.6,True,2026-03-12 21:21:00,5176.9,BE,0.0,-4.0,1
2026-03-12 22:15:00,2026-03-12 22:21:00,2026-03-12 22:22:00,MSS,short,5158.9,5166.7,5158.9,5158.6,True,2026-03-12 22:22:00,5159.2,BE,-0.3,-7.0,1
2026-03-12 22:35:00,2026-03-12 22:47:00,2026-03-12 22:49:00,EXTEND,short,5153.7,5166.7,5153.7,5145.9,True,2026-03-12 22:48:00,5145.9,TP,7.8,74.0,2
2026-03-12 23:10:00,2026-03-12 23:29:00,2026-03-13 01:41:00,EXTEND,short,5135.1,5150.8,5135.1,5115.2,True,2026-03-13 01:16:00,5115.2,TP,19.9,195.0,132
2026-03-13 03:00:00,2026-03-13 03:07:00,2026-03-13 03:18:00,BOS,short,5093.6,5105.3,5093.6,5084.8,True,2026-03-13 03:14:00,5093.6,BE,0.0,-4.0,11
2026-03-13 06:55:00,2026-03-13 07:04:00,2026-03-13 07:05:00,BOS,long,5096.4,5088.8,5096.4,5099.4,True,2026-03-13 07:05:00,5099.4,TP,3.0,26.0,1
2026-03-13 07:25:00,2026-03-13 07:31:00,2026-03-13 07:32:00,EXTEND,long,5099.4,5093.1,5099.4,5102.8,True,2026-03-13 07:32:00,5099.4,BE,0.0,-4.0,1
2026-03-13 09:45:00,2026-03-13 09:52:00,2026-03-13 09:53:00,EXTEND,short,5114.1,5125.2,5114.1,5111.5,True,2026-03-13 09:53:00,5114.1,BE,0.0,-4.0,1
2026-03-13 10:20:00,2026-03-13 10:30:00,2026-03-13 10:41:00,MSS,short,5124.6,5132.4,5124.6,5118.7,True,2026-03-13 10:37:00,5124.6,BE,0.0,-4.0,11
2026-03-13 12:20:00,2026-03-13 12:29:00,2026-03-13 12:30:00,MSS,short,5108.5,5121.4,5108.5,5106.6,True,2026-03-13 12:30:00,5108.6,BE,-0.1,-5.0,1
2026-03-13 13:15:00,2026-03-13 13:31:00,2026-03-13 13:32:00,EXTEND,long,5111.4,5105.6,5111.4,5113.3,True,2026-03-13 13:32:00,5113.3,TP,1.9,15.0,1
2026-03-13 13:30:00,2026-03-13 13:39:00,2026-03-13 13:43:00,EXTEND,long,5110.6,5105.6,5105.6,5114.8,False,,5105.6,SL,-5.0,-54.0,4
2026-03-13 14:00:00,2026-03-13 14:05:00,2026-03-13 14:06:00,MSS,long,5111.0,5100.4,5111.0,5110.5,True,2026-03-13 14:06:00,5110.7,BE,-0.3,-7.0,1
2026-03-13 14:20:00,2026-03-13 14:25:00,2026-03-13 14:26:00,MSS,short,5096.7,5111.3,5096.7,5098.2,True,2026-03-13 14:26:00,5096.5,TP,0.2,-2.0,1
2026-03-13 15:20:00,2026-03-13 15:39:00,2026-03-13 16:03:00,EXTEND,short,5092.3,5098.4,5092.3,5075.6,True,2026-03-13 16:02:00,5075.6,TP,16.7,163.0,24
2026-03-13 16:35:00,2026-03-13 16:40:00,2026-03-13 16:41:00,MSS,long,5087.4,5066.0,5087.4,5087.3,True,2026-03-13 16:41:00,5087.2,BE,-0.2,-6.0,1
2026-03-13 17:05:00,2026-03-13 17:45:00,2026-03-13 18:01:00,EXTEND,long,5090.8,5080.6,5090.8,5101.9,True,2026-03-13 17:51:00,5090.8,BE,0.0,-4.0,16
2026-03-13 18:30:00,2026-03-13 18:45:00,2026-03-13 18:50:00,MSS,short,5090.5,5101.5,5101.5,5085.0,False,,5101.5,SL,-11.0,-114.0,5
2026-03-13 18:50:00,2026-03-13 19:13:00,2026-03-13 19:56:00,EXTEND,long,5094.7,5085.0,5094.7,5103.5,True,2026-03-13 19:18:00,5103.5,TP,8.8,84.0,43
2026-03-13 20:45:00,2026-03-13 21:04:00,2026-03-13 21:05:00,BOS,long,5126.6,5114.2,5126.6,5128.4,True,2026-03-13 21:05:00,5126.3,BE,-0.3,-7.0,1
2026-03-13 21:35:00,2026-03-13 21:48:00,2026-03-13 22:00:00,EXTEND,short,5118.8,5121.2,5118.8,5102.4,True,2026-03-13 21:57:00,5102.4,TP,16.4,160.0,12
2026-03-13 22:00:00,2026-03-13 22:07:00,2026-03-13 22:14:00,EXTEND,short,5108.6,5121.2,5108.6,5098.4,True,2026-03-13 22:10:00,5098.4,TP,10.2,98.0,7
2026-03-14 00:05:00,2026-03-14 00:39:00,2026-03-14 03:47:00,EXTEND,short,5049.8,5072.8,5049.8,5023.2,True,2026-03-14 03:35:00,5023.2,TP,26.6,262.0,188
2026-03-17 00:35:00,2026-03-17 00:45:00,2026-03-17 01:10:00,EXTEND,short,4989.6,5004.2,5004.2,4978.5,False,,5004.2,SL,-14.6,-150.0,25
2026-03-17 07:20:00,2026-03-17 07:25:00,2026-03-17 07:26:00,MSS,long,5014.0,5005.5,5014.0,5014.2,True,2026-03-17 07:26:00,5014.0,BE,0.0,-4.0,1
2026-03-17 07:55:00,2026-03-17 08:06:00,2026-03-17 08:27:00,EXTEND,long,5013.8,5005.5,5005.5,5020.9,False,,5005.5,SL,-8.3,-87.0,21
2026-03-17 09:05:00,2026-03-17 09:11:00,2026-03-17 09:12:00,MSS,long,5014.3,4998.4,5014.3,5014.0,True,2026-03-17 09:12:00,5014.3,BE,0.0,-4.0,1
2026-03-17 10:45:00,2026-03-17 10:53:00,2026-03-17 10:59:00,EXTEND,long,5030.2,5025.8,5025.8,5033.6,False,,5025.8,SL,-4.4,-48.0,6
2026-03-17 12:40:00,2026-03-17 13:11:00,2026-03-17 13:16:00,EXTEND,long,5040.4,5030.5,5040.4,5047.3,True,2026-03-17 13:14:00,5047.3,TP,6.9,65.0,5
2026-03-17 13:15:00,2026-03-17 13:42:00,2026-03-17 13:54:00,EXTEND,long,5039.2,5030.5,5030.5,5049.4,False,,5030.5,SL,-8.7,-91.0,12
2026-03-17 16:20:00,2026-03-17 16:32:00,2026-03-17 16:35:00,EXTEND,long,5025.3,5022.6,5022.6,5033.5,False,,5022.6,SL,-2.7,-31.0,3
2026-03-17 17:55:00,2026-03-17 18:03:00,2026-03-17 18:04:00,BOS,short,5014.4,5020.2,5014.4,5014.1,True,2026-03-17 18:04:00,5014.4,BE,0.0,-4.0,1
2026-03-17 19:55:00,2026-03-17 20:01:00,2026-03-17 20:02:00,MSS,short,5003.9,5015.9,5003.9,5006.1,True,2026-03-17 20:02:00,5003.7,TP,0.2,-2.0,1
2026-03-17 20:15:00,2026-03-17 20:20:00,2026-03-17 20:21:00,MSS,long,5020.2,5003.2,5020.2,5018.0,True,2026-03-17 20:21:00,5020.2,BE,0.0,-4.0,1
2026-03-17 21:40:00,2026-03-17 21:55:00,2026-03-17 22:03:00,EXTEND,long,5019.8,5015.3,5015.3,5036.8,False,,5015.3,SL,-4.5,-49.0,8
2026-03-17 22:30:00,2026-03-17 22:50:00,2026-03-17 23:03:00,EXTEND,short,5021.3,5026.3,5021.3,5007.2,True,2026-03-17 22:59:00,5021.3,BE,0.0,-4.0,13
2026-03-17 23:40:00,2026-03-18 00:02:00,2026-03-18 09:10:00,EXTEND,short,4997.9,5019.7,5019.7,4977.3,False,,5019.7,SL,-21.8,-222.0,488
2026-03-18 09:20:00,2026-03-18 09:32:00,2026-03-18 09:36:00,EXTEND,long,5013.3,5007.2,5007.2,5021.3,False,,5007.2,SL,-6.1,-65.0,4
2026-03-18 10:20:00,2026-03-18 10:34:00,2026-03-18 10:54:00,EXTEND,long,5006.2,4999.7,4999.7,5010.6,False,,4999.7,SL,-6.5,-69.0,20
2026-03-19 07:40:00,2026-03-19 07:47:00,2026-03-19 08:01:00,EXTEND,long,4838.2,4830.3,4838.2,4845.1,True,2026-03-19 08:00:00,4845.1,TP,6.9,65.0,14
2026-03-19 08:05:00,2026-03-19 08:11:00,2026-03-19 08:12:00,EXTEND,long,4846.2,4832.2,4846.2,4850.4,True,2026-03-19 08:12:00,4846.2,BE,0.0,-4.0,1
2026-03-19 09:00:00,2026-03-19 09:08:00,2026-03-19 09:35:00,EXTEND,long,4838.2,4832.2,4838.2,4854.9,True,2026-03-19 09:30:00,4854.9,TP,16.7,163.0,27
2026-03-19 10:05:00,2026-03-19 10:30:00,2026-03-19 13:30:00,EXTEND,short,4856.8,4868.5,4856.8,4842.3,True,2026-03-19 12:47:00,4842.3,TP,14.5,141.0,180
2026-03-19 13:55:00,2026-03-19 14:06:00,2026-03-19 14:17:00,BOS,short,4835.1,4841.8,4835.1,4828.4,True,2026-03-19 14:16:00,4828.4,TP,6.7,63.0,11
2026-03-19 16:40:00,2026-03-19 16:49:00,2026-03-19 17:18:00,BOS,short,4712.7,4738.5,4712.7,4687.8,True,2026-03-19 17:08:00,4712.7,BE,0.0,-4.0,29
2026-03-19 18:55:00,2026-03-19 19:04:00,2026-03-19 19:21:00,EXTEND,short,4692.0,4722.4,4692.0,4669.2,True,2026-03-19 19:15:00,4692.0,BE,0.0,-4.0,17
2026-03-19 20:45:00,2026-03-19 20:59:00,2026-03-19 21:01:00,EXTEND,short,4576.7,4620.8,4576.7,4533.4,True,2026-03-19 21:00:00,4533.4,TP,43.3,429.0,2
2026-03-19 21:00:00,2026-03-19 21:22:00,2026-03-19 21:58:00,EXTEND,short,4570.0,4620.8,4620.8,4504.4,False,,4620.8,SL,-50.8,-512.0,36
2026-03-19 23:00:00,2026-03-19 23:07:00,2026-03-19 23:14:00,EXTEND,short,4624.0,4630.4,4630.4,4595.3,False,,4630.4,SL,-6.4,-68.0,7
2026-03-19 23:45:00,2026-03-20 00:04:00,2026-03-20 01:25:00,EXTEND,short,4615.6,4641.8,4615.6,4567.2,True,2026-03-20 00:52:00,4615.6,BE,0.0,-4.0,81
2026-03-20 01:50:00,2026-03-20 02:04:00,2026-03-20 02:35:00,BOS,long,4613.4,4602.8,4602.8,4633.6,False,,4602.8,SL,-10.6,-110.0,31
2026-03-20 02:35:00,2026-03-20 02:48:00,2026-03-20 02:58:00,EXTEND,short,4612.2,4617.9,4617.9,4598.3,False,,4617.9,SL,-5.7,-61.0,10
2026-03-20 07:40:00,2026-03-20 07:50:00,2026-03-20 08:01:00,EXTEND,short,4645.2,4649.3,4649.3,4635.7,False,,4649.3,SL,-4.1,-45.0,11
2026-03-20 08:15:00,2026-03-20 08:38:00,2026-03-20 08:57:00,EXTEND,long,4652.8,4643.5,4652.8,4666.6,True,2026-03-20 08:54:00,4652.8,BE,0.0,-4.0,19
2026-03-20 09:05:00,2026-03-20 09:21:00,2026-03-20 09:40:00,EXTEND,long,4654.2,4648.0,4654.2,4681.6,True,2026-03-20 09:32:00,4681.6,TP,27.4,270.0,19
2026-03-20 10:15:00,2026-03-20 10:32:00,2026-03-20 10:33:00,EXTEND,long,4688.2,4673.8,4688.2,4691.8,True,2026-03-20 10:33:00,4687.9,BE,-0.3,-7.0,1
2026-03-20 12:10:00,2026-03-20 12:28:00,2026-03-20 12:44:00,EXTEND,short,4721.8,4728.7,4721.8,4717.2,True,2026-03-20 12:43:00,4721.8,BE,0.0,-4.0,16
2026-03-20 13:05:00,2026-03-20 13:17:00,2026-03-20 13:23:00,EXTEND,short,4719.8,4723.0,4723.0,4710.7,False,,4723.0,SL,-3.2,-36.0,6
2026-03-20 13:35:00,2026-03-20 13:41:00,2026-03-20 13:47:00,EXTEND,short,4712.3,4724.2,4712.3,4702.2,True,2026-03-20 13:43:00,4702.2,TP,10.1,97.0,6
2026-03-20 14:40:00,2026-03-20 15:10:00,2026-03-20 15:41:00,EXTEND,short,4678.4,4697.0,4697.0,4662.1,False,,4697.0,SL,-18.6,-190.0,31
2026-03-20 16:55:00,2026-03-20 17:13:00,2026-03-20 17:22:00,EXTEND,short,4698.0,4711.3,4698.0,4685.1,True,2026-03-20 17:19:00,4685.1,TP,12.9,125.0,9
2026-03-20 18:00:00,2026-03-20 18:07:00,2026-03-20 18:10:00,BOS,short,4661.9,4678.4,4661.9,4652.3,True,2026-03-20 18:09:00,4652.3,TP,9.6,92.0,3
2026-03-20 18:35:00,2026-03-20 18:53:00,2026-03-20 18:54:00,MSS,long,4653.5,4649.7,4649.7,4670.4,False,,4649.7,SL,-3.8,-42.0,1
2026-03-20 19:40:00,2026-03-20 19:53:00,2026-03-20 20:00:00,EXTEND,long,4666.7,4649.7,4666.7,4676.2,True,2026-03-20 19:57:00,4676.2,TP,9.5,91.0,7
2026-03-20 20:10:00,2026-03-20 20:34:00,2026-03-20 21:10:00,EXTEND,long,4674.3,4658.7,4658.7,4696.8,False,,4658.7,SL,-15.6,-160.0,36
2026-03-20 21:30:00,2026-03-20 21:38:00,2026-03-20 21:41:00,BOS,short,4652.4,4670.8,4652.4,4642.0,True,2026-03-20 21:41:00,4652.4,BE,0.0,-4.0,3
2026-03-20 22:55:00,2026-03-20 23:03:00,2026-03-20 23:25:00,EXTEND,short,4570.9,4586.0,4570.9,4548.0,True,2026-03-20 23:25:00,4548.0,TP,22.9,225.0,22
2026-03-20 23:25:00,2026-03-20 23:35:00,2026-03-21 00:03:00,EXTEND,short,4565.8,4586.0,4565.8,4541.5,True,2026-03-20 23:48:00,4565.8,BE,0.0,-4.0,28
2026-03-21 00:20:00,2026-03-21 00:33:00,2026-03-21 01:13:00,EXTEND,long,4584.1,4545.8,4584.1,4615.8,True,2026-03-21 01:07:00,4584.1,BE,0.0,-4.0,40
2026-03-23 07:35:00,2026-03-23 07:46:00,2026-03-23 07:48:00,MSS,short,4483.0,4500.3,4483.0,4473.0,True,2026-03-23 07:48:00,4473.0,TP,10.0,96.0,2
2026-03-23 08:15:00,2026-03-23 08:26:00,2026-03-23 08:34:00,EXTEND,short,4439.7,4471.7,4439.7,4406.4,True,2026-03-23 08:33:00,4406.4,TP,33.3,329.0,8
2026-03-23 11:40:00,2026-03-23 11:54:00,2026-03-23 12:00:00,EXTEND,short,4353.4,4367.1,4367.1,4337.2,False,,4367.1,SL,-13.7,-141.0,6
2026-03-23 12:50:00,2026-03-23 13:04:00,2026-03-23 13:30:00,MSS,short,4375.9,4385.0,4375.9,4353.0,True,2026-03-23 13:23:00,4353.0,TP,22.9,225.0,26
2026-03-23 15:20:00,2026-03-23 15:49:00,2026-03-23 16:06:00,EXTEND,short,4215.6,4235.3,4235.3,4100.0,False,,4235.3,SL,-19.7,-201.0,17
2026-03-23 16:15:00,2026-03-23 16:22:00,2026-03-23 16:32:00,EXTEND,long,4226.8,4187.8,4226.8,4258.3,True,2026-03-23 16:30:00,4258.3,TP,31.5,311.0,10
2026-03-23 16:35:00,2026-03-23 16:57:00,2026-03-23 17:15:00,EXTEND,long,4238.5,4212.2,4238.5,4272.6,True,2026-03-23 17:00:00,4272.6,TP,34.1,337.0,18
2026-03-23 17:30:00,2026-03-23 17:41:00,2026-03-23 19:05:00,EXTEND,long,4246.2,4219.7,4246.2,4310.1,True,2026-03-23 19:00:00,4310.1,TP,63.9,635.0,84
2026-03-23 20:05:00,2026-03-23 20:22:00,2026-03-23 20:41:00,EXTEND,short,4397.0,4419.8,4419.8,4338.5,False,,4419.8,SL,-22.8,-232.0,19
2026-03-23 21:15:00,2026-03-23 21:22:00,2026-03-23 21:23:00,MSS,short,4424.6,4462.5,4424.6,4425.1,True,2026-03-23 21:23:00,4424.7,BE,-0.1,-5.0,1
2026-03-23 21:30:00,2026-03-23 21:38:00,2026-03-23 21:53:00,EXTEND,short,4426.8,4462.5,4462.5,4403.7,False,,4462.5,SL,-35.7,-361.0,15
2026-03-23 22:25:00,2026-03-23 22:32:00,2026-03-23 22:34:00,EXTEND,long,4497.0,4455.3,4497.0,4516.0,True,2026-03-23 22:33:00,4497.0,BE,0.0,-4.0,2
2026-03-24 01:35:00,2026-03-24 01:50:00,2026-03-24 02:07:00,EXTEND,long,4416.0,4390.6,4416.0,4441.3,True,2026-03-24 01:56:00,4416.0,BE,0.0,-4.0,17
2026-03-24 02:05:00,2026-03-24 02:16:00,2026-03-24 02:26:00,MSS,short,4413.3,4432.0,4432.0,4403.0,False,,4432.0,SL,-18.7,-191.0,10
2026-03-24 02:45:00,2026-03-24 03:09:00,2026-03-24 03:13:00,EXTEND,long,4439.5,4411.3,4411.3,4469.8,False,,4411.3,SL,-28.2,-286.0,4
2026-03-24 03:45:00,2026-03-24 03:53:00,2026-03-24 04:00:00,EXTEND,long,4413.6,4393.9,4393.9,4430.0,False,,4393.9,SL,-19.7,-201.0,7
2026-03-24 07:40:00,2026-03-24 07:55:00,2026-03-24 08:14:00,EXTEND,short,4439.1,4450.7,4439.1,4423.8,True,2026-03-24 08:04:00,4423.8,TP,15.3,149.0,19
2026-03-24 10:10:00,2026-03-24 10:24:00,2026-03-24 10:34:00,EXTEND,short,4336.8,4370.3,4370.3,4306.0,False,,4370.3,SL,-33.5,-339.0,10
2026-03-24 11:45:00,2026-03-24 12:07:00,2026-03-24 12:19:00,EXTEND,short,4349.9,4369.6,4349.9,4335.4,True,2026-03-24 12:17:00,4335.4,TP,14.5,141.0,12
2026-03-24 12:20:00,2026-03-24 12:39:00,2026-03-24 13:05:00,EXTEND,short,4343.6,4357.8,4343.6,4326.8,True,2026-03-24 12:57:00,4326.8,TP,16.8,164.0,26
2026-03-24 13:05:00,2026-03-24 13:14:00,2026-03-24 13:34:00,BOS,short,4335.9,4350.2,4335.9,4319.9,True,2026-03-24 13:30:00,4335.9,BE,0.0,-4.0,20
2026-03-24 14:55:00,2026-03-24 15:00:00,2026-03-24 15:01:00,MSS,long,4413.4,4375.5,4413.4,4406.9,True,2026-03-24 15:01:00,4413.2,BE,-0.2,-6.0,1
2026-03-24 15:50:00,2026-03-24 16:23:00,2026-03-24 18:56:00,EXTEND,long,4401.8,4375.5,4401.8,4436.9,True,2026-03-24 17:41:00,4436.9,TP,35.1,347.0,153
2026-03-24 18:55:00,2026-03-24 19:03:00,2026-03-24 19:04:00,BOS,long,4415.5,4419.6,4419.6,4442.9,False,,4415.7,SL,0.2,-2.0,1
2026-03-24 19:00:00,2026-03-24 19:11:00,2026-03-24 20:37:00,MSS,short,4412.5,4442.9,4412.5,4373.7,True,2026-03-24 20:33:00,4373.7,TP,38.8,384.0,86
2026-03-24 21:55:00,2026-03-24 22:00:00,2026-03-24 22:01:00,MSS,long,4387.1,4350.5,4387.1,4384.5,True,2026-03-24 22:01:00,4387.2,TP,0.1,-3.0,1
2026-03-24 22:50:00,2026-03-24 23:03:00,2026-03-24 23:09:00,BOS,long,4412.8,4403.3,4403.3,4434.7,False,,4403.3,SL,-9.5,-99.0,6
2026-03-25 00:05:00,2026-03-25 00:25:00,2026-03-25 00:43:00,EXTEND,short,4422.3,4431.7,4422.3,4402.8,True,2026-03-25 00:39:00,4422.3,BE,0.0,-4.0,18
2026-03-25 01:45:00,2026-03-25 02:09:00,2026-03-25 02:25:00,EXTEND,short,4386.0,4406.9,4406.9,4371.4,False,,4406.9,SL,-20.9,-213.0,16
2026-03-25 02:35:00,2026-03-25 02:51:00,2026-03-25 04:22:00,EXTEND,long,4401.4,4383.6,4401.4,4424.4,True,2026-03-25 04:20:00,4424.4,TP,23.0,226.0,91
2026-03-25 08:45:00,2026-03-25 09:04:00,2026-03-25 09:06:00,EXTEND,long,4564.6,4541.2,4564.6,4572.9,True,2026-03-25 09:05:00,4572.9,TP,8.3,79.0,2
2026-03-25 09:50:00,2026-03-25 10:02:00,2026-03-25 10:09:00,EXTEND,long,4593.3,4582.4,4582.4,4600.3,False,,4582.4,SL,-10.9,-113.0,7
2026-03-25 10:10:00,2026-03-25 10:27:00,2026-03-25 10:32:00,EXTEND,short,4586.7,4600.3,4586.7,4577.5,True,2026-03-25 10:30:00,4586.7,BE,0.0,-4.0,5
2026-03-25 11:45:00,2026-03-25 11:56:00,2026-03-25 12:01:00,EXTEND,short,4571.1,4576.4,4571.1,4565.9,True,2026-03-25 11:58:00,4565.9,TP,5.2,48.0,5
2026-03-25 12:00:00,2026-03-25 12:06:00,2026-03-25 12:38:00,EXTEND,short,4571.1,4576.4,4571.1,4564.0,True,2026-03-25 12:35:00,4571.1,BE,0.0,-4.0,32
2026-03-25 13:30:00,2026-03-25 13:45:00,2026-03-25 14:02:00,EXTEND,short,4562.8,4572.0,4562.8,4548.0,True,2026-03-25 13:56:00,4548.0,TP,14.8,144.0,17
2026-03-25 14:10:00,2026-03-25 14:32:00,2026-03-25 16:08:00,EXTEND,short,4551.1,4566.2,4551.1,4532.1,True,2026-03-25 15:48:00,4551.1,BE,0.0,-4.0,96
2026-03-25 17:40:00,2026-03-25 17:45:00,2026-03-25 17:46:00,MSS,short,4543.9,4565.0,4543.9,4547.5,True,2026-03-25 17:46:00,4544.2,BE,-0.3,-7.0,1
2026-03-25 17:45:00,2026-03-25 17:58:00,2026-03-25 19:05:00,EXTEND,short,4546.1,4565.0,4565.0,4525.9,False,,4565.0,SL,-18.9,-193.0,67
2026-03-25 20:15:00,2026-03-25 20:23:00,2026-03-25 20:24:00,MSS,short,4558.2,4582.8,4558.2,4561.2,True,2026-03-25 20:24:00,4558.1,TP,0.1,-3.0,1
2026-03-25 21:00:00,2026-03-25 21:07:00,2026-03-25 21:08:00,MSS,long,4563.8,4534.4,4563.8,4569.8,True,2026-03-25 21:08:00,4563.8,BE,0.0,-4.0,1
2026-03-25 21:30:00,2026-03-25 21:53:00,2026-03-25 22:00:00,EXTEND,long,4547.6,4534.4,4534.4,4576.3,False,,4534.4,SL,-13.2,-136.0,7
2026-03-25 22:00:00,2026-03-25 22:19:00,2026-03-25 22:50:00,EXTEND,short,4555.5,4576.3,4576.3,4531.2,False,,4576.3,SL,-20.8,-212.0,31
2026-03-26 07:40:00,2026-03-26 08:09:00,2026-03-26 08:10:00,EXTEND,short,4511.1,4508.3,4508.3,4484.5,False,,4511.5,SL,-0.4,-8.0,1
2026-03-26 08:50:00,2026-03-26 08:56:00,2026-03-26 09:00:00,EXTEND,long,4529.4,4521.5,4529.4,4536.5,True,2026-03-26 08:59:00,4536.5,TP,7.1,67.0,4
2026-03-26 09:00:00,2026-03-26 09:18:00,2026-03-26 09:47:00,EXTEND,long,4528.8,4521.5,4521.5,4541.6,False,,4521.5,SL,-7.3,-77.0,29
2026-03-26 09:45:00,2026-03-26 09:54:00,2026-03-26 10:18:00,MSS,short,4526.5,4533.0,4526.5,4519.4,True,2026-03-26 10:16:00,4526.5,BE,0.0,-4.0,24
2026-03-26 13:05:00,2026-03-26 13:10:00,2026-03-26 13:11:00,MSS,short,4506.5,4518.9,4506.5,4508.1,True,2026-03-26 13:11:00,4506.3,TP,0.2,-2.0,1
2026-03-26 18:35:00,2026-03-26 18:42:00,2026-03-26 18:43:00,MSS,short,4428.5,4445.4,4428.5,4426.3,True,2026-03-26 18:43:00,4428.5,BE,0.0,-4.0,1
2026-03-26 18:40:00,2026-03-26 18:52:00,2026-03-26 19:01:00,EXTEND,short,4437.4,4445.4,4445.4,4419.9,False,,4445.4,SL,-8.0,-84.0,9
2026-03-26 20:05:00,2026-03-26 20:10:00,2026-03-26 20:11:00,MSS,long,4438.5,4413.2,4438.5,4437.2,True,2026-03-26 20:11:00,4438.8,TP,0.3,-1.0,1
2026-03-26 20:40:00,2026-03-26 20:45:00,2026-03-26 20:46:00,EXTEND,long,4438.6,4429.4,4438.6,4442.6,True,2026-03-26 20:46:00,4438.6,BE,0.0,-4.0,1
2026-03-26 21:00:00,2026-03-26 21:12:00,2026-03-26 21:13:00,EXTEND,short,4436.3,4442.6,4442.6,4417.5,False,,4442.6,SL,-6.3,-67.0,1
2026-03-26 21:20:00,2026-03-26 21:37:00,2026-03-26 21:39:00,MSS,long,4441.3,4431.7,4431.7,4451.3,False,,4431.7,SL,-9.6,-100.0,2
2026-03-26 21:40:00,2026-03-26 21:49:00,2026-03-26 21:50:00,EXTEND,short,4449.5,4451.3,4451.3,4425.9,False,,4451.3,SL,-1.8,-22.0,1
2026-03-27 07:10:00,2026-03-27 07:42:00,2026-03-27 08:22:00,EXTEND,short,4394.7,4407.3,4394.7,4383.8,True,2026-03-27 08:20:00,4383.8,TP,10.9,105.0,40
2026-03-27 08:55:00,2026-03-27 09:14:00,2026-03-27 09:31:00,EXTEND,short,4387.3,4406.0,4406.0,4369.4,False,,4406.0,SL,-18.7,-191.0,17
2026-03-27 11:05:00,2026-03-27 11:26:00,2026-03-27 11:39:00,EXTEND,short,4423.9,4435.4,4435.4,4415.1,False,,4435.4,SL,-11.5,-119.0,13
2026-03-27 13:40:00,2026-03-27 14:00:00,2026-03-27 14:21:00,EXTEND,long,4453.0,4434.8,4453.0,4469.2,True,2026-03-27 14:14:00,4453.0,BE,0.0,-4.0,21
2026-03-27 14:50:00,2026-03-27 14:57:00,2026-03-27 15:02:00,EXTEND,short,4455.1,4462.8,4455.1,4448.0,True,2026-03-27 15:01:00,4448.0,TP,7.1,67.0,5
2026-03-27 15:05:00,2026-03-27 15:13:00,2026-03-27 15:36:00,EXTEND,short,4448.9,4458.5,4448.9,4441.3,True,2026-03-27 15:29:00,4448.9,BE,0.0,-4.0,23
2026-03-27 15:40:00,2026-03-27 15:50:00,2026-03-27 15:51:00,BOS,short,4443.6,4450.3,4443.6,4440.7,True,2026-03-27 15:51:00,4443.6,BE,0.0,-4.0,1
2026-03-27 15:50:00,2026-03-27 16:09:00,2026-03-27 16:11:00,BOS,short,4439.9,4447.4,4439.9,4437.3,True,2026-03-27 16:11:00,4439.9,BE,0.0,-4.0,2
2026-03-27 17:10:00,2026-03-27 17:20:00,2026-03-27 18:26:00,EXTEND,short,4425.4,4435.1,4425.4,4416.3,True,2026-03-27 18:13:00,4425.4,BE,0.0,-4.0,66
2026-03-27 19:05:00,2026-03-27 19:17:00,2026-03-27 19:38:00,EXTEND,short,4406.7,4413.9,4413.9,4399.0,False,,4413.9,SL,-7.2,-76.0,21
2026-03-27 19:50:00,2026-03-27 19:59:00,2026-03-27 20:01:00,BOS,long,4414.9,4408.4,4414.9,4420.4,True,2026-03-27 20:00:00,4414.9,BE,0.0,-4.0,2
2026-03-27 20:15:00,2026-03-27 20:24:00,2026-03-27 20:38:00,EXTEND,long,4417.0,4408.4,4417.0,4428.8,True,2026-03-27 20:29:00,4428.8,TP,11.8,114.0,14
2026-03-27 21:10:00,2026-03-27 21:21:00,2026-03-27 21:26:00,EXTEND,short,4431.4,4439.3,4431.4,4418.6,True,2026-03-27 21:24:00,4418.6,TP,12.8,124.0,5
2026-03-27 21:30:00,2026-03-27 21:49:00,2026-03-27 22:02:00,EXTEND,short,4428.6,4436.4,4436.4,4408.2,False,,4436.4,SL,-7.8,-82.0,13
2026-03-27 22:15:00,2026-03-27 22:31:00,2026-03-27 22:46:00,BOS,long,4454.7,4440.4,4454.7,4465.9,True,2026-03-27 22:45:00,4465.9,TP,11.2,108.0,15
2026-03-28 00:00:00,2026-03-28 00:11:00,2026-03-28 00:32:00,EXTEND,short,4522.0,4533.8,4522.0,4515.1,True,2026-03-28 00:31:00,4522.0,BE,0.0,-4.0,21
2026-03-28 00:40:00,2026-03-28 01:10:00,2026-03-28 01:11:00,EXTEND,short,4511.2,4531.3,4511.2,4504.2,True,2026-03-28 01:11:00,4511.2,BE,0.0,-4.0,1
2026-03-28 02:15:00,2026-03-28 02:20:00,2026-03-28 02:21:00,MSS,long,4508.0,4484.1,4508.0,4507.8,True,2026-03-28 02:21:00,4506.6,BE,-1.4,-18.0,1
2026-03-28 03:15:00,2026-03-28 03:21:00,2026-03-28 03:22:00,MSS,long,4518.7,4503.9,4518.7,4519.1,True,2026-03-28 03:22:00,4519.1,TP,0.4,0.0,1
2026-03-28 03:35:00,2026-03-28 03:40:00,2026-03-28 03:41:00,MSS,short,4505.4,4523.2,4505.4,4508.0,True,2026-03-28 03:41:00,4505.6,BE,-0.2,-6.0,1
2026-03-28 03:40:00,2026-03-28 03:57:00,2026-03-28 04:44:00,EXTEND,short,4508.6,4523.2,4508.6,4497.9,True,2026-03-28 04:07:00,4497.9,TP,10.7,103.0,47
2026-03-30 07:05:00,2026-03-30 07:22:00,2026-03-30 07:32:00,BOS,short,4472.6,4487.3,4472.6,4461.4,True,2026-03-30 07:30:00,4461.4,TP,11.2,108.0,9
2026-03-30 08:20:00,2026-03-30 08:26:00,2026-03-30 08:28:00,MSS,long,4460.0,4414.0,4460.0,4459.0,True,2026-03-30 08:28:00,4457.7,BE,-2.3,-27.0,1
2026-03-30 08:50:00,2026-03-30 08:56:00,2026-03-30 08:57:00,MSS,short,4430.9,4460.0,4430.9,4428.5,True,2026-03-30 08:57:00,4428.5,TP,2.4,20.0,1
2026-03-30 09:30:00,2026-03-30 09:35:00,2026-03-30 09:36:00,MSS,long,4473.1,4446.6,4473.1,4465.0,True,2026-03-30 09:36:00,4470.9,BE,-2.2,-26.0,1
2026-03-30 10:20:00,2026-03-30 10:32:00,2026-03-30 10:33:00,MSS,short,4467.6,4471.0,4467.6,4463.6,True,2026-03-30 10:33:00,4457.2,TP,10.4,100.0,1
2026-03-30 15:00:00,2026-03-30 15:05:00,2026-03-30 15:06:00,MSS,short,4520.1,4546.0,4520.1,4522.0,True,2026-03-30 15:06:00,4524.9,BE,-4.8,-52.0,1
2026-03-30 15:50:00,2026-03-30 15:57:00,2026-03-30 16:00:00,MSS,long,4522.7,4515.2,4522.7,4521.6,True,2026-03-30 16:00:00,4521.7,BE,-1.0,-14.0,1
2026-03-30 19:50:00,2026-03-30 20:04:00,2026-03-30 21:35:00,EXTEND,long,4550.8,4538.7,4550.8,4577.8,True,2026-03-30 20:30:00,4550.8,BE,0.0,-4.0,72
2026-03-31 00:00:00,2026-03-31 00:08:00,2026-03-31 00:09:00,MSS,short,4538.0,4555.5,4538.0,4538.1,True,2026-03-31 00:09:00,4538.2,BE,-0.2,-6.0,1
2026-03-31 00:40:00,2026-03-31 01:19:00,2026-03-31 01:31:00,MSS,long,4524.2,4531.3,4531.3,4546.2,False,,4520.0,SL,-4.2,-46.0,1
2026-04-07 22:05:00,2026-04-07 22:45:00,2026-04-07 23:59:00,MSS,short,4645.6,4648.8,4648.8,4606.0,False,,4654.2,SL,-8.6,-90.0,4
2026-04-29 08:50:00,2026-04-29 08:59:00,2026-04-29 09:00:00,BOS,short,4613.8,4618.7,4613.8,4609.5,True,2026-04-29 09:00:00,4609.5,TP,4.3,39.0,1
2026-04-29 09:40:00,2026-04-29 09:59:00,2026-04-29 10:01:00,MSS,long,4598.1,4592.4,4598.1,4605.3,True,2026-04-29 10:00:00,4605.3,TP,7.2,68.0,2
2026-04-29 10:40:00,2026-04-29 10:50:00,2026-04-29 10:52:00,EXTEND,short,4612.2,4616.9,4612.2,4608.8,True,2026-04-29 10:52:00,4608.8,TP,3.4,30.0,2
2026-04-29 10:55:00,2026-04-29 11:10:00,2026-04-29 11:13:00,EXTEND,short,4611.9,4614.8,4614.8,4605.4,False,,4614.8,SL,-2.9,-33.0,3
2026-04-29 11:15:00,2026-04-29 11:34:00,2026-04-29 12:14:00,EXTEND,long,4610.4,4605.4,4610.4,4616.9,True,2026-04-29 12:12:00,4616.9,TP,6.5,61.0,40
2026-04-29 13:35:00,2026-04-29 13:52:00,2026-04-29 13:56:00,EXTEND,short,4615.0,4621.3,4615.0,4607.6,True,2026-04-29 13:55:00,4607.6,TP,7.4,70.0,4
2026-04-29 14:00:00,2026-04-29 14:06:00,2026-04-29 14:08:00,EXTEND,short,4608.4,4616.9,4608.4,4603.8,True,2026-04-29 14:07:00,4608.4,BE,0.0,-4.0,2
2026-04-29 15:05:00,2026-04-29 15:11:00,2026-04-29 15:12:00,MSS,short,4592.4,4603.3,4592.4,4593.2,True,2026-04-29 15:12:00,4592.8,BE,-0.4,-8.0,1
2026-04-29 16:35:00,2026-04-29 16:48:00,2026-04-29 16:49:00,EXTEND,short,4583.7,4584.9,4584.9,4570.5,False,,4584.9,SL,-1.2,-16.0,1
2026-04-29 17:30:00,2026-04-29 17:38:00,2026-04-29 17:39:00,EXTEND,short,4578.5,4594.1,4578.5,4576.9,True,2026-04-29 17:39:00,4578.5,BE,0.0,-4.0,1
2026-04-29 17:55:00,2026-04-29 18:11:00,2026-04-29 18:15:00,EXTEND,short,4578.0,4582.8,4582.8,4564.1,False,,4582.8,SL,-4.8,-52.0,4
2026-04-29 19:50:00,2026-04-29 19:55:00,2026-04-29 19:56:00,MSS,short,4572.6,4585.1,4572.6,4572.5,True,2026-04-29 19:56:00,4572.6,BE,0.0,-4.0,1
2026-04-29 19:55:00,2026-04-29 20:08:00,2026-04-29 20:12:00,EXTEND,short,4578.2,4585.1,4578.2,4571.8,True,2026-04-29 20:10:00,4578.2,BE,0.0,-4.0,4
2026-04-29 20:55:00,2026-04-29 21:04:00,2026-04-29 21:20:00,EXTEND,short,4560.6,4573.0,4560.6,4553.0,True,2026-04-29 21:19:00,4553.0,TP,7.6,72.0,16
2026-04-29 22:35:00,2026-04-29 22:48:00,2026-04-29 23:00:00,EXTEND,long,4548.3,4543.2,4548.3,4556.0,True,2026-04-29 22:55:00,4556.0,TP,7.7,73.0,12
2026-04-29 23:05:00,2026-04-29 23:16:00,2026-04-29 23:18:00,EXTEND,long,4553.1,4543.2,4553.1,4560.0,True,2026-04-29 23:18:00,4553.1,BE,0.0,-4.0,2
2026-04-29 23:45:00,2026-04-29 23:55:00,2026-04-30 00:02:00,EXTEND,long,4560.2,4552.7,4560.2,4571.7,True,2026-04-30 00:01:00,4571.7,TP,11.5,111.0,7
2026-04-30 00:30:00,2026-04-30 00:36:00,2026-04-30 00:37:00,MSS,short,4562.0,4577.6,4562.0,4563.1,True,2026-04-30 00:37:00,4562.2,BE,-0.2,-6.0,1
2026-04-30 01:25:00,2026-04-30 01:34:00,2026-04-30 01:35:00,MSS,short,4558.4,4568.5,4558.4,4559.7,True,2026-04-30 01:35:00,4558.4,BE,0.0,-4.0,1
2026-04-30 01:45:00,2026-04-30 02:03:00,2026-04-30 02:04:00,EXTEND,short,4557.1,4568.5,4557.1,4555.3,True,2026-04-30 02:04:00,4557.4,BE,-0.3,-7.0,1
2026-04-30 02:00:00,2026-04-30 02:06:00,2026-04-30 02:09:00,BOS,short,4551.9,4561.8,4551.9,4545.9,True,2026-04-30 02:07:00,4545.9,TP,6.0,56.0,3
2026-04-30 02:10:00,2026-04-30 02:19:00,2026-04-30 02:29:00,EXTEND,short,4545.9,4561.8,4545.9,4539.2,True,2026-04-30 02:29:00,4545.9,BE,0.0,-4.0,10
2026-04-30 02:30:00,2026-04-30 02:40:00,2026-04-30 02:42:00,BOS,short,4541.8,4554.0,4541.8,4534.5,True,2026-04-30 02:41:00,4541.8,BE,0.0,-4.0,2
2026-04-30 02:45:00,2026-04-30 02:53:00,2026-04-30 02:56:00,EXTEND,short,4546.1,4554.0,4554.0,4532.1,False,,4554.0,SL,-7.9,-83.0,3
2026-04-30 03:15:00,2026-04-30 03:36:00,2026-04-30 04:07:00,EXTEND,long,4553.6,4547.3,4553.6,4564.9,True,2026-04-30 03:49:00,4564.9,TP,11.3,109.0,31
2026-04-30 07:00:00,2026-04-30 07:09:00,2026-04-30 07:15:00,BOS,long,4563.9,4561.5,4563.9,4566.1,True,2026-04-30 07:14:00,4566.1,TP,2.2,18.0,6
2026-04-30 07:15:00,2026-04-30 07:25:00,2026-04-30 07:45:00,EXTEND,long,4564.0,4561.5,4564.0,4567.4,True,2026-04-30 07:38:00,4567.4,TP,3.4,30.0,20
2026-04-30 08:00:00,2026-04-30 08:16:00,2026-04-30 08:20:00,EXTEND,long,4573.0,4561.5,4573.0,4581.5,True,2026-04-30 08:19:00,4573.0,BE,0.0,-4.0,4
2026-04-30 08:45:00,2026-04-30 09:12:00,2026-04-30 09:27:00,EXTEND,long,4579.7,4574.3,4579.7,4586.3,True,2026-04-30 09:26:00,4586.3,TP,6.6,62.0,15
2026-04-30 09:30:00,2026-04-30 09:38:00,2026-04-30 09:42:00,EXTEND,long,4588.5,4577.5,4588.5,4593.4,True,2026-04-30 09:41:00,4588.5,BE,0.0,-4.0,4
2026-04-30 09:50:00,2026-04-30 10:06:00,2026-04-30 10:18:00,BOS,long,4590.7,4585.4,4590.7,4594.4,True,2026-04-30 10:17:00,4590.7,BE,0.0,-4.0,12
2026-04-30 13:05:00,2026-04-30 13:17:00,2026-04-30 13:18:00,MSS,long,4564.8,4553.0,4564.8,4565.0,True,2026-04-30 13:18:00,4564.3,BE,-0.5,-9.0,1
2026-04-30 17:05:00,2026-04-30 17:14:00,2026-04-30 17:15:00,BOS,long,4630.8,4627.1,4630.8,4632.2,True,2026-04-30 17:15:00,4632.2,TP,1.4,10.0,1
2026-04-30 17:15:00,2026-04-30 17:24:00,2026-04-30 17:25:00,EXTEND,long,4631.2,4627.1,4631.2,4632.6,True,2026-04-30 17:25:00,4631.2,BE,0.0,-4.0,1
2026-04-30 17:30:00,2026-04-30 17:47:00,2026-04-30 18:21:00,EXTEND,long,4633.1,4627.5,4633.1,4644.1,True,2026-04-30 18:01:00,4644.1,TP,11.0,106.0,34
2026-04-30 19:05:00,2026-04-30 19:20:00,2026-04-30 19:24:00,EXTEND,long,4650.8,4645.3,4650.8,4658.3,True,2026-04-30 19:23:00,4650.8,BE,0.0,-4.0,4
2026-04-30 20:05:00,2026-04-30 20:10:00,2026-04-30 20:15:00,EXTEND,long,4645.6,4641.0,4645.6,4650.3,True,2026-04-30 20:11:00,4645.6,BE,0.0,-4.0,5
2026-04-30 20:20:00,2026-04-30 20:30:00,2026-04-30 20:31:00,EXTEND,long,4645.5,4641.0,4645.5,4650.5,True,2026-04-30 20:31:00,4645.5,BE,0.0,-4.0,1
2026-04-30 20:30:00,2026-04-30 20:40:00,2026-04-30 20:46:00,MSS,short,4642.7,4650.5,4642.7,4634.9,True,2026-04-30 20:44:00,4642.7,BE,0.0,-4.0,6
2026-04-30 22:35:00,2026-04-30 22:48:00,2026-05-01 00:02:00,BOS,short,4632.2,4638.9,4632.2,4622.8,True,2026-04-30 23:44:00,4622.8,TP,9.4,90.0,74
2026-05-01 00:15:00,2026-05-01 00:35:00,2026-05-01 00:50:00,BOS,short,4623.2,4630.1,4630.1,4617.8,False,,4630.1,SL,-6.9,-73.0,15
2026-05-01 00:55:00,2026-05-01 01:06:00,2026-05-01 01:08:00,BOS,short,4628.1,4630.8,4630.8,4618.7,False,,4630.8,SL,-2.7,-31.0,2
2026-05-01 02:15:00,2026-05-01 02:43:00,2026-05-01 03:01:00,EXTEND,long,4633.9,4628.0,4633.9,4638.6,True,2026-05-01 02:52:00,4638.6,TP,4.7,43.0,18
2026-05-01 03:05:00,2026-05-01 03:24:00,2026-05-01 03:32:00,EXTEND,long,4633.2,4628.0,4628.0,4640.8,False,,4628.0,SL,-5.2,-56.0,8
2026-05-01 07:35:00,2026-05-01 07:46:00,2026-05-01 07:47:00,EXTEND,long,4644.9,4641.1,4644.9,4646.8,True,2026-05-01 07:47:00,4644.9,BE,0.0,-4.0,1
2026-05-01 08:00:00,2026-05-01 08:07:00,2026-05-01 08:09:00,EXTEND,short,4639.5,4646.8,4639.5,4635.3,True,2026-05-01 08:09:00,4639.5,BE,0.0,-4.0,2
2026-05-01 08:10:00,2026-05-01 08:22:00,2026-05-01 08:36:00,BOS,short,4638.4,4643.6,4638.4,4632.8,True,2026-05-01 08:30:00,4632.8,TP,5.6,52.0,14
2026-05-01 09:20:00,2026-05-01 09:41:00,2026-05-01 10:09:00,EXTEND,short,4631.8,4637.9,4637.9,4625.9,False,,4637.9,SL,-6.1,-65.0,28
2026-05-01 10:40:00,2026-05-01 10:45:00,2026-05-01 10:46:00,MSS,short,4633.8,4643.1,4633.8,4635.4,True,2026-05-01 10:46:00,4633.9,BE,-0.1,-5.0,1
2026-05-01 10:55:00,2026-05-01 11:39:00,2026-05-01 12:30:00,EXTEND,short,4641.7,4643.1,4641.7,4628.0,True,2026-05-01 12:08:00,4628.0,TP,13.7,133.0,51
2026-05-01 13:35:00,2026-05-01 13:44:00,2026-05-01 13:45:00,MSS,short,4620.7,4627.7,4620.7,4620.5,True,2026-05-01 13:45:00,4620.7,BE,0.0,-4.0,1
2026-05-01 17:55:00,2026-05-01 18:11:00,2026-05-01 18:30:00,EXTEND,short,4576.5,4584.3,4584.3,4570.3,False,,4584.3,SL,-7.8,-82.0,19
2026-05-01 19:55:00,2026-05-01 20:04:00,2026-05-01 20:05:00,EXTEND,long,4589.2,4583.9,4589.2,4590.7,True,2026-05-01 20:05:00,4589.2,BE,0.0,-4.0,1
2026-05-01 20:05:00,2026-05-01 20:12:00,2026-05-01 20:13:00,EXTEND,long,4588.5,4583.9,4588.5,4591.3,True,2026-05-01 20:13:00,4591.3,TP,2.8,24.0,1
2026-05-01 20:25:00,2026-05-01 21:17:00,2026-05-01 21:41:00,EXTEND,long,4602.5,4586.1,4602.5,4619.2,True,2026-05-01 21:33:00,4619.2,TP,16.7,163.0,24
2026-05-01 23:10:00,2026-05-01 23:15:00,2026-05-01 23:16:00,MSS,long,4649.5,4630.4,4649.5,4647.7,True,2026-05-01 23:16:00,4649.3,BE,-0.2,-6.0,1
2026-05-01 23:45:00,2026-05-01 23:52:00,2026-05-01 23:55:00,EXTEND,long,4655.3,4646.4,4655.3,4659.4,True,2026-05-01 23:54:00,4655.3,BE,0.0,-4.0,3
2026-05-02 00:10:00,2026-05-02 00:18:00,2026-05-02 00:21:00,EXTEND,short,4657.8,4659.4,4659.4,4649.1,False,,4659.4,SL,-1.6,-20.0,3
2026-05-02 01:40:00,2026-05-02 01:57:00,2026-05-02 01:58:00,EXTEND,short,4641.9,4651.9,4641.9,4638.6,True,2026-05-02 01:58:00,4641.9,BE,0.0,-4.0,1
2026-05-02 03:10:00,2026-05-02 03:15:00,2026-05-02 03:16:00,MSS,long,4638.8,4631.5,4638.8,4638.5,True,2026-05-02 03:16:00,4638.9,TP,0.1,-3.0,1
2026-05-04 08:00:00,2026-05-04 08:12:00,2026-05-04 08:21:00,MSS,short,4621.6,4628.6,4621.6,4615.8,True,2026-05-04 08:18:00,4615.8,TP,5.8,54.0,9
2026-05-04 09:05:00,2026-05-04 09:10:00,2026-05-04 09:11:00,EXTEND,short,4607.5,4625.2,4607.5,4608.6,True,2026-05-04 09:11:00,4607.5,BE,0.0,-4.0,1
2026-05-04 09:30:00,2026-05-04 09:41:00,2026-05-04 09:50:00,EXTEND,short,4610.9,4615.8,4615.8,4603.6,False,,4615.8,SL,-4.9,-53.0,9
2026-05-04 10:00:00,2026-05-04 10:19:00,2026-05-04 10:28:00,EXTEND,long,4616.3,4603.6,4603.6,4629.9,False,,4603.6,SL,-12.7,-131.0,9
2026-05-04 11:50:00,2026-05-04 11:57:00,2026-05-04 11:58:00,MSS,long,4626.3,4609.4,4626.3,4625.7,True,2026-05-04 11:58:00,4626.3,BE,0.0,-4.0,1
2026-05-04 12:55:00,2026-05-04 13:02:00,2026-05-04 13:03:00,MSS,short,4615.0,4621.6,4615.0,4615.7,True,2026-05-04 13:03:00,4615.1,BE,-0.1,-5.0,1
2026-05-04 13:15:00,2026-05-04 13:22:00,2026-05-04 13:23:00,MSS,long,4622.0,4612.7,4622.0,4624.3,True,2026-05-04 13:23:00,4622.0,BE,0.0,-4.0,1
2026-05-04 14:05:00,2026-05-04 14:15:00,2026-05-04 14:27:00,EXTEND,short,4604.6,4613.1,4604.6,4598.9,True,2026-05-04 14:23:00,4604.6,BE,0.0,-4.0,12
2026-05-04 16:40:00,2026-05-04 16:53:00,2026-05-04 17:03:00,EXTEND,long,4589.5,4584.6,4589.5,4592.9,True,2026-05-04 17:02:00,4589.5,BE,0.0,-4.0,10
2026-05-04 17:15:00,2026-05-04 17:53:00,2026-05-04 17:57:00,EXTEND,long,4590.5,4586.7,4586.7,4595.6,False,,4586.7,SL,-3.8,-42.0,4
2026-05-04 18:20:00,2026-05-04 18:42:00,2026-05-04 23:21:00,EXTEND,short,4568.5,4595.6,4568.5,4535.8,True,2026-05-04 23:19:00,4535.8,TP,32.7,323.0,279
2026-05-05 00:10:00,2026-05-05 00:24:00,2026-05-05 01:04:00,EXTEND,short,4531.3,4553.8,4531.3,4510.2,True,2026-05-05 00:47:00,4531.3,BE,0.0,-4.0,40
2026-05-05 03:00:00,2026-05-05 03:05:00,2026-05-05 03:06:00,EXTEND,long,4525.7,4520.4,4525.7,4527.1,True,2026-05-05 03:06:00,4525.7,BE,0.0,-4.0,1
2026-05-05 03:35:00,2026-05-05 03:59:00,2026-05-05 06:07:00,EXTEND,long,4527.7,4520.8,4527.7,4536.8,True,2026-05-05 04:57:00,4527.7,BE,0.0,-4.0,68
2026-05-05 07:45:00,2026-05-05 07:50:00,2026-05-05 07:51:00,EXTEND,short,4529.0,4531.2,4529.0,4526.9,True,2026-05-05 07:51:00,4526.9,TP,2.1,17.0,1
2026-05-05 07:50:00,2026-05-05 07:58:00,2026-05-05 08:01:00,EXTEND,short,4528.4,4531.2,4528.4,4525.8,True,2026-05-05 08:01:00,4528.4,BE,0.0,-4.0,3
2026-05-05 08:10:00,2026-05-05 08:24:00,2026-05-05 08:26:00,EXTEND,long,4528.6,4525.8,4525.8,4538.0,False,,4525.8,SL,-2.8,-32.0,2
2026-05-05 10:25:00,2026-05-05 10:30:00,2026-05-05 10:31:00,MSS,long,4551.2,4544.0,4551.2,4551.2,True,2026-05-05 10:31:00,4551.2,BE,0.0,-4.0,1
2026-05-05 10:45:00,2026-05-05 11:01:00,2026-05-05 11:56:00,EXTEND,long,4548.9,4544.0,4544.0,4556.1,False,,4544.0,SL,-4.9,-53.0,55
2026-05-05 13:05:00,2026-05-05 13:24:00,2026-05-05 13:34:00,MSS,long,4548.6,4539.9,4548.6,4554.7,True,2026-05-05 13:30:00,4554.7,TP,6.1,57.0,10
2026-05-05 14:00:00,2026-05-05 14:07:00,2026-05-05 14:24:00,EXTEND,long,4554.5,4544.8,4544.8,4561.5,False,,4544.8,SL,-9.7,-101.0,17
2026-05-05 14:20:00,2026-05-05 14:40:00,2026-05-05 15:00:00,EXTEND,short,4556.4,4561.5,4561.5,4543.2,False,,4561.5,SL,-5.1,-55.0,20
2026-05-05 15:25:00,2026-05-05 15:33:00,2026-05-05 15:34:00,MSS,short,4560.2,4565.5,4560.2,4558.0,True,2026-05-05 15:34:00,4560.2,BE,0.0,-4.0,1
2026-05-05 15:55:00,2026-05-05 16:16:00,2026-05-05 16:57:00,EXTEND,short,4560.0,4568.3,4568.3,4553.1,False,,4568.3,SL,-8.3,-87.0,41
2026-05-05 17:25:00,2026-05-05 17:32:00,2026-05-05 17:33:00,MSS,short,4563.1,4570.5,4563.1,4562.4,True,2026-05-05 17:33:00,4563.1,BE,0.0,-4.0,1
2026-05-05 17:30:00,2026-05-05 17:48:00,2026-05-05 17:53:00,EXTEND,short,4564.4,4570.5,4564.4,4561.1,True,2026-05-05 17:49:00,4564.4,BE,0.0,-4.0,5
2026-05-05 18:10:00,2026-05-05 18:17:00,2026-05-05 18:25:00,EXTEND,short,4564.2,4567.2,4564.2,4560.8,True,2026-05-05 18:19:00,4560.8,TP,3.4,30.0,8
2026-05-05 18:25:00,2026-05-05 18:36:00,2026-05-05 18:43:00,BOS,short,4562.0,4565.3,4562.0,4556.7,True,2026-05-05 18:41:00,4556.7,TP,5.3,49.0,7
2026-05-05 19:05:00,2026-05-05 19:10:00,2026-05-05 19:11:00,MSS,long,4561.5,4550.1,4561.5,4560.6,True,2026-05-05 19:11:00,4561.5,BE,0.0,-4.0,1
2026-05-05 20:10:00,2026-05-05 20:20:00,2026-05-05 20:21:00,MSS,long,4575.2,4564.3,4575.2,4577.3,True,2026-05-05 20:21:00,4575.0,BE,-0.2,-6.0,1
2026-05-05 20:30:00,2026-05-05 20:55:00,2026-05-05 21:04:00,EXTEND,long,4574.4,4564.3,4574.4,4585.3,True,2026-05-05 21:02:00,4585.3,TP,10.9,105.0,9
2026-05-05 21:40:00,2026-05-05 21:55:00,2026-05-05 22:00:00,EXTEND,short,4589.2,4592.4,4592.4,4582.0,False,,4592.4,SL,-3.2,-36.0,5
2026-05-05 22:15:00,2026-05-05 22:30:00,2026-05-05 22:33:00,EXTEND,short,4591.6,4595.1,4595.1,4576.3,False,,4595.1,SL,-3.5,-39.0,3
2026-05-05 23:00:00,2026-05-05 23:22:00,2026-05-05 23:27:00,MSS,long,4590.0,4586.3,4586.3,4594.9,False,,4586.3,SL,-3.7,-41.0,5
2026-05-06 01:10:00,2026-05-06 01:24:00,2026-05-06 01:34:00,EXTEND,short,4569.6,4573.8,4569.6,4563.7,True,2026-05-06 01:31:00,4569.6,BE,0.0,-4.0,10
2026-05-06 02:15:00,2026-05-06 02:42:00,2026-05-06 02:46:00,EXTEND,long,4570.5,4568.4,4570.5,4576.1,True,2026-05-06 02:46:00,4576.1,TP,5.6,52.0,4
2026-05-06 02:45:00,2026-05-06 02:57:00,2026-05-06 03:09:00,EXTEND,long,4571.0,4568.4,4568.4,4576.2,False,,4568.4,SL,-2.6,-30.0,12
2026-05-06 03:45:00,2026-05-06 03:58:00,2026-05-06 03:59:00,MSS,long,4565.2,4566.2,4566.2,4569.7,False,,4565.3,SL,0.1,-3.0,1
2026-05-06 09:00:00,2026-05-06 09:16:00,2026-05-06 09:24:00,EXTEND,long,4624.8,4618.0,4624.8,4633.8,True,2026-05-06 09:21:00,4633.8,TP,9.0,86.0,8
2026-05-06 09:45:00,2026-05-06 09:56:00,2026-05-06 10:02:00,BOS,long,4636.6,4631.1,4636.6,4639.5,True,2026-05-06 10:00:00,4639.5,TP,2.9,25.0,6
2026-05-06 10:15:00,2026-05-06 10:32:00,2026-05-06 10:36:00,EXTEND,long,4642.0,4631.1,4642.0,4646.6,True,2026-05-06 10:35:00,4642.0,BE,0.0,-4.0,4
2026-05-06 11:20:00,2026-05-06 11:33:00,2026-05-06 11:39:00,EXTEND,long,4653.5,4648.2,4653.5,4660.9,True,2026-05-06 11:37:00,4660.9,TP,7.4,70.0,6
2026-05-06 11:35:00,2026-05-06 11:44:00,2026-05-06 12:27:00,BOS,long,4657.6,4652.2,4657.6,4662.2,True,2026-05-06 12:27:00,4662.2,TP,4.6,42.0,43
2026-05-06 12:25:00,2026-05-06 12:40:00,2026-05-06 12:51:00,BOS,long,4660.8,4655.9,4660.8,4664.2,True,2026-05-06 12:48:00,4660.8,BE,0.0,-4.0,11
2026-05-06 13:30:00,2026-05-06 13:40:00,2026-05-06 13:41:00,MSS,short,4657.3,4666.3,4657.3,4654.9,True,2026-05-06 13:41:00,4657.3,BE,0.0,-4.0,1
2026-05-06 15:15:00,2026-05-06 15:30:00,2026-05-06 15:45:00,EXTEND,short,4677.4,4681.5,4681.5,4668.4,False,,4681.5,SL,-4.1,-45.0,15
2026-05-06 16:50:00,2026-05-06 16:59:00,2026-05-06 17:00:00,MSS,long,4711.8,4682.8,4711.8,4714.5,True,2026-05-06 17:00:00,4711.8,BE,0.0,-4.0,1
2026-05-06 18:50:00,2026-05-06 19:05:00,2026-05-06 19:12:00,BOS,long,4727.1,4718.8,4727.1,4734.6,True,2026-05-06 19:09:00,4727.1,BE,0.0,-4.0,7
2026-05-06 19:40:00,2026-05-06 19:53:00,2026-05-06 19:54:00,MSS,short,4708.7,4727.0,4708.7,4707.7,True,2026-05-06 19:54:00,4707.7,TP,1.0,6.0,1
2026-05-06 21:05:00,2026-05-06 21:18:00,2026-05-06 21:32:00,BOS,short,4694.4,4703.5,4703.5,4679.3,False,,4703.5,SL,-9.1,-95.0,14
2026-05-06 21:45:00,2026-05-06 21:53:00,2026-05-06 21:54:00,BOS,long,4714.6,4704.1,4714.6,4712.8,True,2026-05-06 21:54:00,4714.7,TP,0.1,-3.0,1
2026-05-06 22:00:00,2026-05-06 22:09:00,2026-05-06 22:10:00,EXTEND,long,4719.1,4704.1,4719.1,4721.7,True,2026-05-06 22:10:00,4719.1,BE,0.0,-4.0,1
2026-05-06 22:15:00,2026-05-06 22:31:00,2026-05-06 22:45:00,EXTEND,long,4719.8,4708.4,4719.8,4728.8,True,2026-05-06 22:42:00,4719.8,BE,0.0,-4.0,14
2026-05-06 23:10:00,2026-05-06 23:22:00,2026-05-06 23:27:00,EXTEND,short,4710.6,4718.7,4710.6,4704.8,True,2026-05-06 23:27:00,4710.6,BE,0.0,-4.0,5
2026-05-07 00:05:00,2026-05-07 00:32:00,2026-05-07 00:58:00,BOS,short,4699.8,4706.6,4699.8,4692.7,True,2026-05-07 00:52:00,4692.7,TP,7.1,67.0,26
2026-05-07 01:40:00,2026-05-07 01:58:00,2026-05-07 02:00:00,EXTEND,short,4693.9,4695.5,4695.5,4689.8,False,,4695.5,SL,-1.6,-20.0,2
2026-05-07 02:20:00,2026-05-07 02:43:00,2026-05-07 03:03:00,EXTEND,long,4697.9,4692.9,4697.9,4701.5,True,2026-05-07 03:03:00,4701.5,TP,3.6,32.0,20
2026-05-07 07:20:00,2026-05-07 07:25:00,2026-05-07 07:26:00,MSS,short,4701.7,4707.0,4701.7,4701.6,True,2026-05-07 07:26:00,4701.8,BE,-0.1,-5.0,1
2026-05-07 07:25:00,2026-05-07 07:48:00,2026-05-07 07:50:00,EXTEND,short,4706.7,4707.0,4707.0,4699.1,False,,4707.0,SL,-0.3,-7.0,2
2026-05-07 08:05:00,2026-05-07 08:29:00,2026-05-07 08:31:00,EXTEND,short,4701.5,4707.0,4701.5,4698.1,True,2026-05-07 08:31:00,4698.1,TP,3.4,30.0,2
2026-05-07 10:30:00,2026-05-07 10:44:00,2026-05-07 10:56:00,BOS,short,4712.7,4716.7,4716.7,4708.2,False,,4716.7,SL,-4.0,-44.0,12
2026-05-07 12:35:00,2026-05-07 12:44:00,2026-05-07 12:45:00,EXTEND,short,4706.3,4707.0,4707.0,4700.7,False,,4707.0,SL,-0.7,-11.0,1
2026-05-07 13:00:00,2026-05-07 13:21:00,2026-05-07 13:31:00,MSS,long,4704.7,4702.5,4704.7,4710.0,True,2026-05-07 13:30:00,4710.0,TP,5.3,49.0,10
2026-05-07 14:10:00,2026-05-07 14:16:00,2026-05-07 14:17:00,EXTEND,long,4718.5,4709.0,4718.5,4718.9,True,2026-05-07 14:17:00,4718.9,TP,0.4,-0.0,1
2026-05-07 15:00:00,2026-05-07 15:13:00,2026-05-07 15:14:00,MSS,short,4757.0,4759.2,4759.2,4740.8,False,,4759.2,SL,-2.2,-26.0,1
2026-05-07 16:20:00,2026-05-07 16:25:00,2026-05-07 16:26:00,EXTEND,short,4745.9,4763.6,4745.9,4745.3,True,2026-05-07 16:26:00,4745.9,BE,0.0,-4.0,1
2026-05-07 17:00:00,2026-05-07 17:12:00,2026-05-07 17:17:00,EXTEND,short,4743.5,4747.1,4747.1,4731.9,False,,4747.1,SL,-3.6,-40.0,5
2026-05-07 17:55:00,2026-05-07 18:17:00,2026-05-07 18:23:00,BOS,short,4743.0,4749.3,4743.0,4735.3,True,2026-05-07 18:21:00,4743.0,BE,0.0,-4.0,6
2026-05-07 18:40:00,2026-05-07 19:15:00,2026-05-07 19:16:00,EXTEND,long,4739.9,4737.3,4737.3,4749.3,False,,4737.3,SL,-2.6,-30.0,1
2026-05-07 20:15:00,2026-05-07 20:26:00,2026-05-07 20:31:00,EXTEND,long,4748.2,4743.1,4748.2,4756.8,True,2026-05-07 20:30:00,4756.8,TP,8.6,82.0,5
2026-05-07 21:05:00,2026-05-07 21:10:00,2026-05-07 21:11:00,EXTEND,short,4746.6,4762.7,4746.6,4746.2,True,2026-05-07 21:11:00,4746.6,BE,0.0,-4.0,1
2026-05-07 21:30:00,2026-05-07 21:38:00,2026-05-07 21:39:00,MSS,long,4764.3,4740.7,4764.3,4768.4,True,2026-05-07 21:39:00,4764.3,BE,0.0,-4.0,1
2026-05-07 22:10:00,2026-05-07 22:19:00,2026-05-07 22:20:00,BOS,long,4761.4,4752.5,4761.4,4764.3,True,2026-05-07 22:20:00,4764.3,TP,2.9,25.0,1
2026-05-07 22:25:00,2026-05-07 22:36:00,2026-05-07 22:41:00,EXTEND,long,4762.4,4751.0,4762.4,4769.8,True,2026-05-07 22:41:00,4762.4,BE,0.0,-4.0,5
2026-05-08 00:55:00,2026-05-08 01:03:00,2026-05-08 01:04:00,EXTEND,long,4727.3,4720.3,4727.3,4728.0,True,2026-05-08 01:04:00,4727.2,BE,-0.1,-5.0,1
2026-05-08 01:05:00,2026-05-08 01:14:00,2026-05-08 01:18:00,EXTEND,long,4724.3,4720.3,4720.3,4729.5,False,,4720.3,SL,-4.0,-44.0,4
2026-05-08 01:20:00,2026-05-08 01:25:00,2026-05-08 01:26:00,EXTEND,short,4715.3,4729.5,4715.3,4715.2,True,2026-05-08 01:26:00,4715.3,BE,0.0,-4.0,1
2026-05-08 01:25:00,2026-05-08 01:43:00,2026-05-08 04:02:00,BOS,short,4712.3,4726.7,4726.7,4696.9,False,,4726.7,SL,-14.4,-148.0,139
2026-05-08 08:15:00,2026-05-08 08:27:00,2026-05-08 08:32:00,MSS,short,4710.3,4718.7,4710.3,4702.7,True,2026-05-08 08:28:00,4710.3,BE,0.0,-4.0,5
2026-05-08 09:05:00,2026-05-08 09:39:00,2026-05-08 09:48:00,EXTEND,long,4716.5,4705.5,4716.5,4728.1,True,2026-05-08 09:46:00,4728.1,TP,11.6,112.0,9
2026-05-08 10:00:00,2026-05-08 10:39:00,2026-05-08 12:41:00,BOS,long,4719.9,4713.4,4719.9,4741.1,True,2026-05-08 11:34:00,4719.9,BE,0.0,-4.0,122
2026-05-08 12:40:00,2026-05-08 12:55:00,2026-05-08 13:07:00,BOS,short,4722.9,4727.0,4722.9,4716.9,True,2026-05-08 12:59:00,4722.9,BE,0.0,-4.0,12
2026-05-08 13:55:00,2026-05-08 14:02:00,2026-05-08 14:16:00,EXTEND,long,4730.3,4719.1,4730.3,4740.0,True,2026-05-08 14:04:00,4730.3,BE,0.0,-4.0,14
2026-05-08 14:25:00,2026-05-08 14:40:00,2026-05-08 14:44:00,BOS,long,4737.3,4730.1,4737.3,4743.6,True,2026-05-08 14:43:00,4737.3,BE,0.0,-4.0,4
2026-05-08 15:45:00,2026-05-08 15:53:00,2026-05-08 15:54:00,MSS,long,4721.2,4715.7,4721.2,4722.0,True,2026-05-08 15:54:00,4721.2,BE,0.0,-4.0,1
2026-05-08 15:50:00,2026-05-08 15:58:00,2026-05-08 16:06:00,EXTEND,long,4718.5,4715.7,4715.7,4723.0,False,,4715.7,SL,-2.8,-32.0,8
2026-05-08 16:35:00,2026-05-08 17:34:00,2026-05-08 18:24:00,EXTEND,long,4724.4,4715.6,4724.4,4732.8,True,2026-05-08 18:15:00,4732.8,TP,8.4,80.0,50
2026-05-08 18:45:00,2026-05-08 18:50:00,2026-05-08 18:51:00,MSS,short,4728.3,4737.7,4728.3,4728.7,True,2026-05-08 18:51:00,4728.3,BE,0.0,-4.0,1
2026-05-08 18:55:00,2026-05-08 19:06:00,2026-05-08 19:52:00,EXTEND,short,4735.3,4737.7,4735.3,4724.5,True,2026-05-08 19:47:00,4724.5,TP,10.8,104.0,46
2026-05-08 20:30:00,2026-05-08 20:36:00,2026-05-08 20:37:00,MSS,long,4736.4,4712.1,4736.4,4734.2,True,2026-05-08 20:37:00,4736.3,BE,-0.1,-5.0,1
2026-05-08 22:05:00,2026-05-08 22:10:00,2026-05-08 22:11:00,MSS,short,4733.5,4760.1,4733.5,4735.2,True,2026-05-08 22:11:00,4733.5,BE,0.0,-4.0,1
2026-05-08 23:30:00,2026-05-08 23:40:00,2026-05-08 23:43:00,EXTEND,short,4721.8,4730.8,4721.8,4713.6,True,2026-05-08 23:43:00,4713.6,TP,8.2,78.0,3
2026-05-08 23:45:00,2026-05-09 00:17:00,2026-05-09 01:28:00,EXTEND,short,4722.3,4730.8,4730.8,4711.1,False,,4730.8,SL,-8.5,-89.0,71
2026-05-09 01:55:00,2026-05-09 02:00:00,2026-05-09 02:01:00,EXTEND,long,4732.6,4728.8,4732.6,4732.3,True,2026-05-09 02:01:00,4732.7,TP,0.1,-3.0,1
2026-05-09 02:45:00,2026-05-09 02:54:00,2026-05-09 02:55:00,MSS,short,4731.9,4738.5,4731.9,4731.3,True,2026-05-09 02:55:00,4732.0,BE,-0.1,-5.0,1
2026-05-09 02:55:00,2026-05-09 03:08:00,2026-05-09 03:40:00,EXTEND,short,4733.8,4738.5,4733.8,4729.2,True,2026-05-09 03:35:00,4733.8,BE,0.0,-4.0,32
2026-05-11 07:00:00,2026-05-11 07:16:00,2026-05-11 07:27:00,MSS,long,4701.5,4695.1,4701.5,4705.6,True,2026-05-11 07:19:00,4705.6,TP,4.1,37.0,11
2026-05-11 07:55:00,2026-05-11 08:00:00,2026-05-11 08:01:00,MSS,short,4691.7,4707.3,4691.7,4698.2,True,2026-05-11 08:01:00,4691.6,TP,0.1,-3.0,1
2026-05-11 08:20:00,2026-05-11 08:35:00,2026-05-11 08:52:00,EXTEND,short,4700.1,4707.3,4700.1,4684.4,True,2026-05-11 08:52:00,4684.4,TP,15.7,153.0,17
2026-05-11 08:50:00,2026-05-11 09:08:00,2026-05-11 09:21:00,EXTEND,short,4704.1,4707.3,4707.3,4678.4,False,,4707.3,SL,-3.2,-36.0,13
2026-05-11 09:50:00,2026-05-11 09:55:00,2026-05-11 09:56:00,MSS,short,4691.2,4704.9,4691.2,4693.9,True,2026-05-11 09:56:00,4691.1,TP,0.1,-3.0,1
2026-05-11 09:55:00,2026-05-11 10:04:00,2026-05-11 10:06:00,EXTEND,short,4697.6,4704.9,4697.6,4688.5,True,2026-05-11 10:06:00,4688.5,TP,9.1,87.0,2
2026-05-11 10:05:00,2026-05-11 10:14:00,2026-05-11 10:37:00,EXTEND,short,4694.3,4704.9,4704.9,4686.5,False,,4704.9,SL,-10.6,-110.0,23
2026-05-11 10:35:00,2026-05-11 10:46:00,2026-05-11 10:50:00,MSS,long,4701.2,4691.1,4691.1,4709.0,False,,4691.1,SL,-10.1,-105.0,4
2026-05-11 13:40:00,2026-05-11 13:45:00,2026-05-11 13:46:00,MSS,short,4668.9,4688.4,4668.9,4669.6,True,2026-05-11 13:46:00,4668.8,TP,0.1,-3.0,1
2026-05-11 13:55:00,2026-05-11 14:21:00,2026-05-11 14:54:00,EXTEND,short,4675.1,4688.4,4688.4,4655.5,False,,4688.4,SL,-13.3,-137.0,33
2026-05-11 15:45:00,2026-05-11 15:52:00,2026-05-11 15:53:00,MSS,short,4674.3,4686.0,4674.3,4675.0,True,2026-05-11 15:53:00,4674.3,BE,0.0,-4.0,1
2026-05-11 16:10:00,2026-05-11 16:15:00,2026-05-11 16:16:00,MSS,long,4681.9,4673.0,4681.9,4682.3,True,2026-05-11 16:16:00,4681.6,BE,-0.3,-7.0,1
2026-05-11 16:20:00,2026-05-11 16:31:00,2026-05-11 17:18:00,EXTEND,long,4681.7,4673.0,4673.0,4687.6,False,,4673.0,SL,-8.7,-91.0,47
2026-05-11 17:30:00,2026-05-11 17:48:00,2026-05-11 19:03:00,EXTEND,short,4670.1,4678.5,4678.5,4658.8,False,,4678.5,SL,-8.4,-88.0,75
2026-05-12 07:35:00,2026-05-12 07:46:00,2026-05-12 07:47:00,EXTEND,long,4767.3,4760.0,4767.3,4769.0,True,2026-05-12 07:47:00,4767.3,BE,0.0,-4.0,1
2026-05-12 08:15:00,2026-05-12 08:25:00,2026-05-12 08:35:00,BOS,long,4772.5,4768.0,4768.0,4783.5,False,,4768.0,SL,-4.5,-49.0,10
2026-05-12 10:10:00,2026-05-12 10:22:00,2026-05-12 10:27:00,MSS,long,4736.8,4734.7,4734.7,4743.5,False,,4734.7,SL,-2.1,-25.0,5
2026-05-12 11:15:00,2026-05-12 11:20:00,2026-05-12 11:21:00,MSS,short,4734.3,4741.3,4734.3,4734.5,True,2026-05-12 11:21:00,4734.3,BE,0.0,-4.0,1
2026-05-12 11:55:00,2026-05-12 12:18:00,2026-05-12 12:21:00,EXTEND,short,4736.2,4736.9,4736.9,4727.0,False,,4736.9,SL,-0.7,-11.0,3
2026-05-12 13:10:00,2026-05-12 13:33:00,2026-05-12 13:55:00,EXTEND,short,4726.5,4735.7,4726.5,4717.4,True,2026-05-12 13:34:00,4726.5,BE,0.0,-4.0,22
2026-05-12 15:05:00,2026-05-12 15:13:00,2026-05-12 16:01:00,EXTEND,short,4702.8,4713.0,4713.0,4693.2,False,,4713.0,SL,-10.2,-106.0,48
2026-05-12 16:00:00,2026-05-12 16:13:00,2026-05-12 16:15:00,MSS,long,4709.2,4705.7,4705.7,4714.7,False,,4705.7,SL,-3.5,-39.0,2
2026-05-12 17:30:00,2026-05-12 17:39:00,2026-05-12 17:44:00,MSS,long,4709.7,4705.2,4705.2,4713.5,False,,4705.2,SL,-4.5,-49.0,5
2026-05-12 17:40:00,2026-05-12 17:51:00,2026-05-12 17:58:00,MSS,short,4708.1,4713.5,4708.1,4702.5,True,2026-05-12 17:54:00,4708.1,BE,0.0,-4.0,7
2026-05-12 18:10:00,2026-05-12 18:18:00,2026-05-12 18:32:00,EXTEND,long,4710.2,4702.5,4702.5,4717.2,False,,4702.5,SL,-7.7,-81.0,14
2026-05-13 07:05:00,2026-05-13 07:22:00,2026-05-13 07:27:00,EXTEND,long,4727.1,4723.2,4727.1,4731.9,True,2026-05-13 07:24:00,4727.1,BE,0.0,-4.0,5
2026-05-13 07:45:00,2026-05-13 07:55:00,2026-05-13 07:56:00,MSS,short,4723.7,4729.5,4723.7,4722.9,True,2026-05-13 07:56:00,4723.8,BE,-0.1,-5.0,1
2026-05-13 08:05:00,2026-05-13 08:39:00,2026-05-13 08:42:00,EXTEND,long,4730.3,4722.9,4730.3,4735.4,True,2026-05-13 08:40:00,4730.3,BE,0.0,-4.0,3
2026-05-13 09:35:00,2026-05-13 09:46:00,2026-05-13 09:57:00,EXTEND,short,4716.0,4724.5,4716.0,4709.8,True,2026-05-13 09:56:00,4709.8,TP,6.2,58.0,11
2026-05-13 11:35:00,2026-05-13 11:59:00,2026-05-13 13:04:00,EXTEND,long,4704.1,4697.0,4704.1,4714.8,True,2026-05-13 12:19:00,4714.8,TP,10.7,103.0,65
2026-05-13 13:05:00,2026-05-13 13:21:00,2026-05-13 13:24:00,EXTEND,long,4711.0,4706.6,4706.6,4715.4,False,,4706.6,SL,-4.4,-48.0,3
2026-05-13 13:30:00,2026-05-13 13:41:00,2026-05-13 13:52:00,EXTEND,short,4708.0,4715.4,4708.0,4701.3,True,2026-05-13 13:44:00,4708.0,BE,0.0,-4.0,11
2026-05-13 14:50:00,2026-05-13 14:56:00,2026-05-13 14:57:00,MSS,short,4707.7,4721.8,4707.7,4710.3,True,2026-05-13 14:57:00,4707.5,TP,0.2,-2.0,1
2026-05-13 15:05:00,2026-05-13 15:17:00,2026-05-13 15:18:00,BOS,short,4711.7,4713.6,4713.6,4704.5,False,,4713.6,SL,-1.9,-23.0,1
2026-05-13 16:55:00,2026-05-13 17:08:00,2026-05-13 17:14:00,EXTEND,long,4706.6,4702.0,4702.0,4710.2,False,,4702.0,SL,-4.6,-50.0,6
2026-05-13 17:20:00,2026-05-13 17:58:00,2026-05-13 18:08:00,EXTEND,short,4706.6,4710.2,4710.2,4692.4,False,,4710.2,SL,-3.6,-40.0,10
2026-05-13 20:00:00,2026-05-13 20:08:00,2026-05-13 20:14:00,EXTEND,short,4707.2,4713.9,4707.2,4702.2,True,2026-05-13 20:10:00,4702.2,TP,5.0,46.0,6
2026-05-13 21:30:00,2026-05-13 21:35:00,2026-05-13 21:36:00,MSS,short,4686.9,4701.9,4686.9,4689.1,True,2026-05-13 21:36:00,4686.6,TP,0.3,-1.0,1
2026-05-13 22:25:00,2026-05-13 22:31:00,2026-05-13 22:32:00,MSS,long,4695.8,4680.0,4695.8,4692.6,True,2026-05-13 22:32:00,4695.7,BE,-0.1,-5.0,1
2026-05-13 22:35:00,2026-05-13 22:47:00,2026-05-13 23:29:00,EXTEND,long,4691.3,4680.0,4691.3,4698.4,True,2026-05-13 23:07:00,4698.4,TP,7.1,67.0,42
2026-05-13 23:25:00,2026-05-13 23:33:00,2026-05-13 23:34:00,BOS,long,4700.1,4691.9,4700.1,4699.3,True,2026-05-13 23:34:00,4700.3,TP,0.2,-2.0,1
2026-05-14 00:25:00,2026-05-14 00:43:00,2026-05-14 00:50:00,EXTEND,long,4709.2,4706.1,4706.1,4717.9,False,,4706.1,SL,-3.1,-35.0,7
2026-05-14 02:00:00,2026-05-14 02:17:00,2026-05-14 02:46:00,EXTEND,short,4698.2,4702.5,4698.2,4692.4,True,2026-05-14 02:44:00,4692.4,TP,5.8,54.0,29
2026-05-14 02:45:00,2026-05-14 02:58:00,2026-05-14 04:24:00,EXTEND,short,4693.1,4700.9,4700.9,4685.4,False,,4700.9,SL,-7.8,-82.0,86
2026-05-14 07:30:00,2026-05-14 07:44:00,2026-05-14 07:45:00,MSS,short,4701.6,4709.0,4701.6,4700.7,True,2026-05-14 07:45:00,4701.6,BE,0.0,-4.0,1
2026-05-14 07:45:00,2026-05-14 08:02:00,2026-05-14 08:03:00,BOS,short,4701.2,4704.6,4701.2,4699.8,True,2026-05-14 08:03:00,4699.8,TP,1.4,10.0,1
2026-05-14 08:00:00,2026-05-14 08:19:00,2026-05-14 08:20:00,BOS,short,4708.1,4703.8,4703.8,4696.2,False,,4707.9,SL,0.2,-2.0,1
2026-05-14 08:45:00,2026-05-14 08:55:00,2026-05-14 08:56:00,MSS,long,4709.2,4699.7,4709.2,4711.7,True,2026-05-14 08:56:00,4709.2,BE,0.0,-4.0,1
2026-05-14 09:00:00,2026-05-14 09:05:00,2026-05-14 09:06:00,MSS,short,4700.1,4713.9,4700.1,4701.1,True,2026-05-14 09:06:00,4700.3,BE,-0.2,-6.0,1
2026-05-14 10:30:00,2026-05-14 10:35:00,2026-05-14 10:36:00,MSS,long,4706.2,4693.1,4706.2,4704.8,True,2026-05-14 10:36:00,4706.0,BE,-0.2,-6.0,1
2026-05-14 10:35:00,2026-05-14 10:45:00,2026-05-14 10:47:00,EXTEND,long,4699.6,4693.1,4693.1,4706.6,False,,4693.1,SL,-6.5,-69.0,2
2026-05-14 11:35:00,2026-05-14 11:41:00,2026-05-14 11:42:00,MSS,short,4684.2,4699.5,4684.2,4685.1,True,2026-05-14 11:42:00,4684.4,BE,-0.2,-6.0,1
2026-05-14 12:00:00,2026-05-14 12:28:00,2026-05-14 12:29:00,EXTEND,short,4707.0,4699.5,4699.5,4673.0,False,,4706.9,SL,0.1,-3.0,1
2026-05-14 13:25:00,2026-05-14 13:34:00,2026-05-14 13:59:00,EXTEND,short,4705.5,4711.3,4705.5,4700.1,True,2026-05-14 13:55:00,4700.1,TP,5.4,50.0,25
2026-05-14 14:40:00,2026-05-14 14:45:00,2026-05-14 14:46:00,MSS,long,4709.0,4692.7,4709.0,4706.5,True,2026-05-14 14:46:00,4709.0,BE,0.0,-4.0,1
2026-05-14 15:35:00,2026-05-14 15:52:00,2026-05-14 15:58:00,EXTEND,long,4707.9,4700.7,4700.7,4725.8,False,,4700.7,SL,-7.2,-76.0,6
2026-05-14 16:40:00,2026-05-14 16:45:00,2026-05-14 16:46:00,MSS,short,4702.8,4713.7,4702.8,4702.4,True,2026-05-14 16:46:00,4702.4,TP,0.4,0.0,1
2026-05-14 18:20:00,2026-05-14 18:27:00,2026-05-14 18:41:00,EXTEND,short,4702.8,4707.2,4702.8,4700.0,True,2026-05-14 18:38:00,4700.0,TP,2.8,24.0,14
2026-05-14 18:50:00,2026-05-14 19:00:00,2026-05-14 19:07:00,EXTEND,short,4701.7,4707.2,4701.7,4697.6,True,2026-05-14 19:06:00,4701.7,BE,0.0,-4.0,7
2026-05-14 19:25:00,2026-05-14 19:42:00,2026-05-14 19:48:00,BOS,short,4701.8,4705.6,4705.6,4695.7,False,,4705.6,SL,-3.8,-42.0,6
2026-05-14 19:55:00,2026-05-14 20:01:00,2026-05-14 20:20:00,EXTEND,long,4702.6,4695.7,4702.6,4711.5,True,2026-05-14 20:13:00,4711.5,TP,8.9,85.0,19
2026-05-14 20:45:00,2026-05-14 20:51:00,2026-05-14 21:04:00,EXTEND,short,4708.9,4716.9,4708.9,4702.5,True,2026-05-14 21:02:00,4702.5,TP,6.4,60.0,13
2026-05-14 21:00:00,2026-05-14 21:15:00,2026-05-14 21:18:00,EXTEND,short,4708.9,4716.9,4708.9,4702.4,True,2026-05-14 21:18:00,4702.4,TP,6.5,61.0,3
2026-05-14 21:40:00,2026-05-14 21:51:00,2026-05-15 03:19:00,EXTEND,short,4690.6,4711.7,4690.6,4671.3,True,2026-05-15 00:07:00,4671.3,TP,19.3,189.0,328
2026-05-15 07:10:00,2026-05-15 07:15:00,2026-05-15 07:16:00,MSS,short,4661.0,4667.8,4661.0,4662.9,True,2026-05-15 07:16:00,4661.3,BE,-0.3,-7.0,1
2026-05-15 07:30:00,2026-05-15 07:36:00,2026-05-15 07:37:00,MSS,short,4653.3,4669.0,4653.3,4654.3,True,2026-05-15 07:37:00,4653.2,TP,0.1,-3.0,1
2026-05-15 08:00:00,2026-05-15 08:16:00,2026-05-15 08:25:00,EXTEND,short,4654.3,4669.0,4654.3,4646.5,True,2026-05-15 08:22:00,4646.5,TP,7.8,74.0,9
2026-05-15 08:55:00,2026-05-15 09:02:00,2026-05-15 09:03:00,MSS,long,4632.5,4621.8,4632.5,4635.8,True,2026-05-15 09:03:00,4632.5,BE,0.0,-4.0,1
2026-05-15 09:10:00,2026-05-15 09:23:00,2026-05-15 09:29:00,EXTEND,short,4622.2,4636.7,4622.2,4612.4,True,2026-05-15 09:26:00,4612.4,TP,9.8,94.0,6
2026-05-15 09:30:00,2026-05-15 09:47:00,2026-05-15 09:53:00,EXTEND,short,4622.4,4636.7,4622.4,4611.7,True,2026-05-15 09:51:00,4611.7,TP,10.7,103.0,6
2026-05-15 10:40:00,2026-05-15 10:49:00,2026-05-15 10:51:00,MSS,long,4618.5,4613.5,4618.5,4622.0,True,2026-05-15 10:51:00,4622.0,TP,3.5,31.0,2
2026-05-15 10:55:00,2026-05-15 11:04:00,2026-05-15 11:07:00,EXTEND,long,4623.5,4613.5,4623.5,4627.3,True,2026-05-15 11:05:00,4623.5,BE,0.0,-4.0,3
2026-05-15 11:30:00,2026-05-15 11:44:00,2026-05-15 11:57:00,MSS,short,4617.6,4626.2,4617.6,4611.1,True,2026-05-15 11:56:00,4617.6,BE,0.0,-4.0,13
2026-05-15 12:05:00,2026-05-15 12:23:00,2026-05-15 12:24:00,MSS,long,4614.9,4614.4,4614.4,4625.6,False,,4614.4,SL,-0.5,-9.0,1
2026-05-15 12:40:00,2026-05-15 12:51:00,2026-05-15 13:01:00,MSS,short,4612.2,4619.0,4612.2,4608.3,True,2026-05-15 12:55:00,4608.3,TP,3.9,35.0,10
2026-05-15 13:45:00,2026-05-15 13:54:00,2026-05-15 13:57:00,BOS,short,4573.0,4579.8,4573.0,4565.7,True,2026-05-15 13:56:00,4573.0,BE,0.0,-4.0,3
2026-05-15 14:15:00,2026-05-15 14:21:00,2026-05-15 14:22:00,MSS,long,4581.8,4560.0,4581.8,4582.1,True,2026-05-15 14:22:00,4581.7,BE,-0.1,-5.0,1
2026-05-15 15:10:00,2026-05-15 15:18:00,2026-05-15 15:19:00,MSS,long,4590.1,4569.8,4590.1,4591.0,True,2026-05-15 15:19:00,4589.8,BE,-0.3,-7.0,1
2026-05-15 15:20:00,2026-05-15 15:55:00,2026-05-15 16:01:00,EXTEND,long,4577.0,4569.8,4569.8,4593.5,False,,4569.8,SL,-7.2,-76.0,6
2026-05-15 16:45:00,2026-05-15 17:03:00,2026-05-15 17:06:00,EXTEND,long,4558.6,4553.2,4558.6,4568.4,True,2026-05-15 17:05:00,4558.6,BE,0.0,-4.0,3
2026-05-15 17:15:00,2026-05-15 17:34:00,2026-05-15 17:48:00,EXTEND,short,4557.3,4568.2,4557.3,4543.3,True,2026-05-15 17:38:00,4543.3,TP,14.0,136.0,14
2026-05-15 18:05:00,2026-05-15 18:12:00,2026-05-15 18:13:00,MSS,long,4566.0,4535.7,4566.0,4563.7,True,2026-05-15 18:13:00,4565.5,BE,-0.5,-9.0,1
2026-05-15 19:35:00,2026-05-15 19:40:00,2026-05-15 19:41:00,MSS,short,4557.3,4573.5,4557.3,4558.0,True,2026-05-15 19:41:00,4557.2,TP,0.1,-3.0,1
2026-05-15 20:10:00,2026-05-15 20:17:00,2026-05-15 20:19:00,BOS,short,4551.9,4557.5,4551.9,4549.3,True,2026-05-15 20:18:00,4551.9,BE,0.0,-4.0,2
2026-05-15 20:20:00,2026-05-15 20:32:00,2026-05-15 20:42:00,MSS,long,4555.5,4549.1,4549.1,4562.9,False,,4549.1,SL,-6.4,-68.0,10
2026-05-15 21:45:00,2026-05-15 21:57:00,2026-05-15 22:19:00,EXTEND,short,4541.0,4561.8,4561.8,4514.0,False,,4561.8,SL,-20.8,-212.0,22
2026-05-15 22:55:00,2026-05-15 23:08:00,2026-05-15 23:19:00,BOS,long,4560.5,4550.1,4550.1,4570.9,False,,4550.1,SL,-10.4,-108.0,11
2026-05-16 00:30:00,2026-05-16 00:39:00,2026-05-16 00:40:00,MSS,long,4549.7,4533.2,4549.7,4548.6,True,2026-05-16 00:40:00,4549.8,TP,0.1,-3.0,1
2026-05-16 01:25:00,2026-05-16 01:30:00,2026-05-16 01:31:00,EXTEND,long,4565.7,4558.4,4565.7,4568.7,True,2026-05-16 01:31:00,4565.7,BE,0.0,-4.0,1
2026-05-16 02:15:00,2026-05-16 02:26:00,2026-05-16 02:31:00,MSS,short,4561.2,4566.6,4561.2,4556.9,True,2026-05-16 02:31:00,4556.9,TP,4.3,39.0,5
2026-05-16 02:30:00,2026-05-16 02:41:00,2026-05-16 02:53:00,EXTEND,short,4560.9,4566.6,4566.6,4556.1,False,,4566.6,SL,-5.7,-61.0,12
2026-05-18 09:25:00,2026-05-18 09:32:00,2026-05-18 09:33:00,EXTEND,long,4512.3,4495.5,4512.3,4513.2,True,2026-05-18 09:33:00,4512.1,BE,-0.2,-6.0,1
2026-05-18 09:30:00,2026-05-18 09:39:00,2026-05-18 09:40:00,EXTEND,long,4511.2,4495.5,4511.2,4514.4,True,2026-05-18 09:40:00,4511.2,BE,0.0,-4.0,1
2026-05-18 12:05:00,2026-05-18 12:30:00,2026-05-18 12:46:00,EXTEND,long,4542.5,4528.1,4542.5,4554.0,True,2026-05-18 12:40:00,4542.5,BE,0.0,-4.0,16
2026-05-18 13:30:00,2026-05-18 13:43:00,2026-05-18 13:58:00,EXTEND,long,4545.4,4536.5,4536.5,4556.3,False,,4536.5,SL,-8.9,-93.0,15
2026-05-18 14:20:00,2026-05-18 14:25:00,2026-05-18 14:26:00,MSS,long,4549.6,4535.8,4549.6,4547.7,True,2026-05-18 14:26:00,4549.4,BE,-0.2,-6.0,1
2026-05-18 14:25:00,2026-05-18 14:32:00,2026-05-18 14:34:00,EXTEND,long,4546.4,4535.8,4546.4,4551.7,True,2026-05-18 14:33:00,4546.4,BE,0.0,-4.0,2
2026-05-18 15:00:00,2026-05-18 15:22:00,2026-05-18 15:26:00,EXTEND,long,4544.1,4535.8,4544.1,4553.3,True,2026-05-18 15:26:00,4553.3,TP,9.2,88.0,4
2026-05-18 15:30:00,2026-05-18 15:53:00,2026-05-18 17:03:00,EXTEND,long,4547.1,4541.8,4547.1,4564.4,True,2026-05-18 16:50:00,4547.1,BE,0.0,-4.0,70
2026-05-18 18:10:00,2026-05-18 18:17:00,2026-05-18 18:24:00,EXTEND,short,4543.6,4549.0,4543.6,4539.3,True,2026-05-18 18:22:00,4543.6,BE,0.0,-4.0,7
2026-05-18 18:40:00,2026-05-18 18:46:00,2026-05-18 18:47:00,MSS,long,4550.2,4535.4,4550.2,4547.5,True,2026-05-18 18:47:00,4550.3,TP,0.1,-3.0,1
2026-05-18 18:45:00,2026-05-18 18:57:00,2026-05-18 19:09:00,EXTEND,long,4542.9,4535.4,4535.4,4551.5,False,,4535.4,SL,-7.5,-79.0,12
2026-05-18 19:40:00,2026-05-18 20:21:00,2026-05-18 20:43:00,EXTEND,long,4554.0,4535.6,4554.0,4571.9,True,2026-05-18 20:34:00,4571.9,TP,17.9,175.0,22
2026-05-18 21:30:00,2026-05-18 21:47:00,2026-05-18 21:48:00,BOS,long,4577.4,4565.4,4577.4,4584.3,True,2026-05-18 21:48:00,4577.4,BE,0.0,-4.0,1
2026-05-18 21:55:00,2026-05-18 22:09:00,2026-05-18 22:14:00,EXTEND,long,4571.3,4566.9,4566.9,4588.8,False,,4566.9,SL,-4.4,-48.0,5
2026-05-19 00:25:00,2026-05-19 00:34:00,2026-05-19 00:50:00,MSS,short,4544.1,4555.1,4555.1,4537.6,False,,4555.1,SL,-11.0,-114.0,16
2026-05-19 02:15:00,2026-05-19 02:20:00,2026-05-19 02:21:00,MSS,short,4545.0,4552.1,4545.0,4545.1,True,2026-05-19 02:21:00,4544.8,TP,0.2,-2.0,1
2026-05-19 02:25:00,2026-05-19 02:33:00,2026-05-19 02:41:00,EXTEND,short,4544.8,4552.1,4544.8,4540.7,True,2026-05-19 02:39:00,4544.8,BE,0.0,-4.0,8
2026-05-19 02:55:00,2026-05-19 03:04:00,2026-05-19 03:05:00,BOS,short,4557.9,4547.5,4547.5,4538.0,False,,4558.2,SL,-0.3,-7.0,1
2026-05-19 07:20:00,2026-05-19 07:59:00,2026-05-19 08:04:00,EXTEND,long,4585.4,4576.7,4585.4,4593.1,True,2026-05-19 08:00:00,4585.4,BE,0.0,-4.0,5
2026-05-19 09:00:00,2026-05-19 09:09:00,2026-05-19 09:20:00,EXTEND,short,4567.8,4579.8,4567.8,4560.6,True,2026-05-19 09:16:00,4560.6,TP,7.2,68.0,11
2026-05-19 10:10:00,2026-05-19 10:15:00,2026-05-19 10:16:00,MSS,short,4555.2,4575.8,4555.2,4554.7,True,2026-05-19 10:16:00,4555.4,BE,-0.2,-6.0,1
2026-05-19 11:35:00,2026-05-19 11:48:00,2026-05-19 11:49:00,MSS,long,4551.6,4550.0,4550.0,4558.2,False,,4550.0,SL,-1.6,-20.0,1
2026-05-19 12:15:00,2026-05-19 12:22:00,2026-05-19 12:26:00,EXTEND,short,4544.0,4548.8,4544.0,4541.6,True,2026-05-19 12:26:00,4541.6,TP,2.4,20.0,4
2026-05-19 12:30:00,2026-05-19 12:55:00,2026-05-19 13:10:00,EXTEND,short,4545.0,4548.8,4548.8,4540.9,False,,4548.8,SL,-3.8,-42.0,15
2026-05-19 13:20:00,2026-05-19 13:30:00,2026-05-19 13:52:00,MSS,short,4540.4,4549.8,4540.4,4533.0,True,2026-05-19 13:49:00,4540.4,BE,0.0,-4.0,22
2026-05-19 14:45:00,2026-05-19 15:00:00,2026-05-19 15:01:00,MSS,short,4548.4,4556.1,4548.4,4546.3,True,2026-05-19 15:01:00,4548.6,BE,-0.2,-6.0,1
2026-05-19 15:05:00,2026-05-19 15:18:00,2026-05-19 15:27:00,MSS,long,4552.8,4547.5,4547.5,4558.9,False,,4547.5,SL,-5.3,-57.0,9
2026-05-19 15:40:00,2026-05-19 15:49:00,2026-05-19 15:50:00,MSS,short,4554.2,4553.0,4553.0,4544.6,False,,4554.3,SL,-0.1,-5.0,1
2026-05-19 16:00:00,2026-05-19 16:10:00,2026-05-19 16:23:00,EXTEND,long,4550.4,4544.6,4544.6,4562.8,False,,4544.6,SL,-5.8,-62.0,13
2026-05-19 16:25:00,2026-05-19 16:37:00,2026-05-19 16:47:00,EXTEND,short,4546.2,4551.5,4551.5,4539.4,False,,4551.5,SL,-5.3,-57.0,10
2026-05-19 17:15:00,2026-05-19 17:28:00,2026-05-19 17:54:00,EXTEND,short,4546.0,4551.5,4546.0,4539.1,True,2026-05-19 17:31:00,4546.0,BE,0.0,-4.0,26
2026-05-19 18:55:00,2026-05-19 19:02:00,2026-05-19 19:03:00,MSS,long,4549.0,4528.4,4549.0,4548.1,True,2026-05-19 19:03:00,4548.6,BE,-0.4,-8.0,1
2026-05-19 20:00:00,2026-05-19 20:13:00,2026-05-19 20:15:00,EXTEND,short,4546.6,4547.1,4547.1,4530.6,False,,4547.1,SL,-0.5,-9.0,2
2026-05-19 21:30:00,2026-05-19 21:56:00,2026-05-20 08:29:00,EXTEND,short,4502.7,4529.5,4502.7,4467.2,True,2026-05-20 06:16:00,4502.7,BE,0.0,-4.0,573
2026-05-20 09:05:00,2026-05-20 09:12:00,2026-05-20 09:13:00,EXTEND,short,4496.3,4513.0,4496.3,4490.6,True,2026-05-20 09:13:00,4496.3,BE,0.0,-4.0,1
2026-05-20 09:35:00,2026-05-20 09:57:00,2026-05-20 11:06:00,EXTEND,short,4481.9,4503.4,4481.9,4457.9,True,2026-05-20 10:32:00,4457.9,TP,24.0,236.0,69
2026-05-20 11:05:00,2026-05-20 11:18:00,2026-05-20 12:00:00,BOS,short,4463.5,4469.4,4469.4,4454.9,False,,4469.4,SL,-5.9,-63.0,42
2026-05-20 12:15:00,2026-05-20 12:28:00,2026-05-20 12:47:00,EXTEND,long,4467.4,4459.8,4459.8,4472.6,False,,4459.8,SL,-7.6,-80.0,19
2026-05-20 12:45:00,2026-05-20 12:57:00,2026-05-20 13:01:00,MSS,short,4463.2,4469.2,4469.2,4458.5,False,,4469.2,SL,-6.0,-64.0,4
2026-05-20 13:45:00,2026-05-20 14:02:00,2026-05-20 14:35:00,MSS,short,4474.4,4481.8,4474.4,4465.4,True,2026-05-20 14:32:00,4465.4,TP,9.0,86.0,33
2026-05-20 14:35:00,2026-05-20 14:53:00,2026-05-20 15:01:00,EXTEND,short,4475.6,4480.9,4480.9,4463.7,False,,4480.9,SL,-5.3,-57.0,8
2026-05-20 15:10:00,2026-05-20 15:24:00,2026-05-20 15:26:00,EXTEND,long,4482.7,4473.9,4482.7,4488.0,True,2026-05-20 15:25:00,4482.7,BE,0.0,-4.0,2
2026-05-20 15:30:00,2026-05-20 15:37:00,2026-05-20 15:46:00,EXTEND,long,4482.0,4473.9,4482.0,4488.5,True,2026-05-20 15:41:00,4482.0,BE,0.0,-4.0,9
2026-05-20 16:30:00,2026-05-20 16:38:00,2026-05-20 16:42:00,EXTEND,long,4486.4,4480.8,4480.8,4492.1,False,,4480.8,SL,-5.6,-60.0,4
2026-05-20 16:55:00,2026-05-20 17:08:00,2026-05-20 17:25:00,EXTEND,long,4485.5,4480.8,4480.8,4492.9,False,,4480.8,SL,-4.7,-51.0,17
2026-05-20 17:30:00,2026-05-20 17:44:00,2026-05-20 17:45:00,EXTEND,short,4485.6,4486.1,4486.1,4475.0,False,,4486.1,SL,-0.5,-9.0,1
2026-05-20 17:55:00,2026-05-20 18:01:00,2026-05-20 18:07:00,EXTEND,long,4489.0,4484.3,4489.0,4493.9,True,2026-05-20 18:06:00,4493.9,TP,4.9,45.0,6
2026-05-20 19:25:00,2026-05-20 19:34:00,2026-05-20 19:35:00,MSS,long,4501.4,4493.5,4501.4,4503.7,True,2026-05-20 19:35:00,4501.4,BE,0.0,-4.0,1
2026-05-20 20:45:00,2026-05-20 20:59:00,2026-05-20 21:14:00,EXTEND,long,4498.8,4495.2,4498.8,4508.3,True,2026-05-20 21:13:00,4508.3,TP,9.5,91.0,15
2026-05-20 21:30:00,2026-05-20 21:35:00,2026-05-20 21:36:00,EXTEND,short,4492.7,4509.3,4492.7,4490.5,True,2026-05-20 21:36:00,4490.5,TP,2.2,18.0,1
2026-05-20 22:15:00,2026-05-20 22:21:00,2026-05-20 22:22:00,MSS,long,4508.5,4469.3,4508.5,4506.8,True,2026-05-20 22:22:00,4508.5,BE,0.0,-4.0,1
2026-05-20 23:15:00,2026-05-20 23:32:00,2026-05-21 06:20:00,BOS,long,4536.4,4526.5,4536.4,4557.5,True,2026-05-21 03:30:00,4536.4,BE,0.0,-4.0,348
2026-05-21 07:35:00,2026-05-21 07:45:00,2026-05-21 07:46:00,MSS,long,4545.9,4535.5,4545.9,4546.8,True,2026-05-21 07:46:00,4545.9,BE,0.0,-4.0,1
2026-05-21 08:15:00,2026-05-21 08:28:00,2026-05-21 09:10:00,BOS,long,4545.8,4540.7,4545.8,4554.9,True,2026-05-21 09:09:00,4554.9,TP,9.1,87.0,42
2026-05-21 11:50:00,2026-05-21 12:07:00,2026-05-21 12:14:00,BOS,short,4533.4,4537.9,4537.9,4528.1,False,,4537.9,SL,-4.5,-49.0,7
2026-05-21 13:05:00,2026-05-21 13:13:00,2026-05-21 13:14:00,MSS,short,4531.4,4541.7,4531.4,4532.0,True,2026-05-21 13:14:00,4531.6,BE,-0.2,-6.0,1
2026-05-21 14:20:00,2026-05-21 14:42:00,2026-05-21 15:06:00,EXTEND,long,4527.6,4519.1,4519.1,4541.2,False,,4519.1,SL,-8.5,-89.0,24
2026-05-21 15:25:00,2026-05-21 15:53:00,2026-05-21 16:04:00,BOS,short,4522.1,4525.0,4525.0,4513.3,False,,4525.0,SL,-2.9,-33.0,11
2026-05-21 17:20:00,2026-05-21 17:27:00,2026-05-21 17:30:00,EXTEND,long,4539.5,4532.9,4539.5,4543.9,True,2026-05-21 17:30:00,4543.9,TP,4.4,40.0,3
2026-05-21 18:00:00,2026-05-21 18:08:00,2026-05-21 18:09:00,MSS,long,4534.4,4530.7,4534.4,4534.7,True,2026-05-21 18:09:00,4534.4,BE,0.0,-4.0,1
2026-05-21 18:05:00,2026-05-21 18:14:00,2026-05-21 18:21:00,EXTEND,long,4533.6,4530.7,4533.6,4537.3,True,2026-05-21 18:18:00,4533.6,BE,0.0,-4.0,7
2026-05-21 19:35:00,2026-05-21 19:54:00,2026-05-21 20:00:00,EXTEND,short,4515.3,4522.4,4515.3,4509.0,True,2026-05-21 19:55:00,4515.3,BE,0.0,-4.0,6
2026-05-21 20:10:00,2026-05-21 20:17:00,2026-05-21 20:18:00,EXTEND,long,4514.0,4511.8,4511.8,4520.3,False,,4511.8,SL,-2.2,-26.0,1
2026-05-21 20:25:00,2026-05-21 20:39:00,2026-05-21 20:58:00,EXTEND,short,4512.8,4520.3,4512.8,4503.1,True,2026-05-21 20:55:00,4503.1,TP,9.7,93.0,19
2026-05-21 21:00:00,2026-05-21 21:07:00,2026-05-21 21:15:00,EXTEND,short,4509.7,4520.3,4509.7,4499.8,True,2026-05-21 21:08:00,4499.8,TP,9.9,95.0,8
2026-05-21 21:50:00,2026-05-21 22:10:00,2026-05-21 23:16:00,MSS,long,4508.8,4488.5,4508.8,4522.2,True,2026-05-21 23:13:00,4508.8,BE,0.0,-4.0,66
2026-05-22 01:00:00,2026-05-22 01:07:00,2026-05-22 01:10:00,EXTEND,long,4518.5,4510.5,4518.5,4525.2,True,2026-05-22 01:10:00,4525.2,TP,6.7,63.0,3
2026-05-22 03:50:00,2026-05-22 07:04:00,2026-05-22 07:05:00,MSS,short,4544.1,4544.5,4544.5,4535.4,False,,4544.5,SL,-0.4,-8.0,1
2026-05-22 07:20:00,2026-05-22 07:30:00,2026-05-22 07:36:00,EXTEND,short,4539.3,4545.2,4539.3,4536.2,True,2026-05-22 07:31:00,4536.2,TP,3.1,27.0,6
2026-05-22 08:15:00,2026-05-22 08:34:00,2026-05-22 08:51:00,EXTEND,short,4537.7,4545.2,4537.7,4530.8,True,2026-05-22 08:51:00,4530.8,TP,6.9,65.0,17
2026-05-22 08:55:00,2026-05-22 09:02:00,2026-05-22 09:04:00,EXTEND,short,4530.1,4542.2,4530.1,4526.6,True,2026-05-22 09:04:00,4530.1,BE,0.0,-4.0,2
2026-05-22 09:05:00,2026-05-22 09:22:00,2026-05-22 09:26:00,BOS,short,4531.2,4537.6,4531.2,4524.2,True,2026-05-22 09:25:00,4531.2,BE,0.0,-4.0,4
2026-05-22 09:40:00,2026-05-22 09:53:00,2026-05-22 10:01:00,EXTEND,short,4529.3,4537.6,4529.3,4521.8,True,2026-05-22 10:00:00,4529.3,BE,0.0,-4.0,8
2026-05-22 10:30:00,2026-05-22 10:52:00,2026-05-22 11:32:00,BOS,short,4526.3,4530.5,4526.3,4519.6,True,2026-05-22 10:56:00,4526.3,BE,0.0,-4.0,40
2026-05-22 12:35:00,2026-05-22 12:40:00,2026-05-22 12:41:00,MSS,short,4526.8,4533.9,4526.8,4527.1,True,2026-05-22 12:41:00,4526.8,BE,0.0,-4.0,1
2026-05-22 12:40:00,2026-05-22 12:55:00,2026-05-22 13:00:00,EXTEND,short,4529.4,4533.9,4529.4,4526.5,True,2026-05-22 12:58:00,4529.4,BE,0.0,-4.0,5
2026-05-22 13:00:00,2026-05-22 13:14:00,2026-05-22 13:17:00,BOS,short,4526.4,4531.2,4526.4,4524.6,True,2026-05-22 13:15:00,4524.6,TP,1.8,14.0,3
2026-05-22 13:15:00,2026-05-22 13:23:00,2026-05-22 13:30:00,EXTEND,short,4526.6,4531.2,4531.2,4524.1,False,,4531.2,SL,-4.6,-50.0,7
2026-05-22 13:55:00,2026-05-22 14:08:00,2026-05-22 17:54:00,MSS,short,4520.5,4535.4,4535.4,4508.3,False,,4535.4,SL,-14.9,-153.0,226
2026-05-22 19:05:00,2026-05-22 19:14:00,2026-05-22 19:18:00,EXTEND,long,4516.7,4513.1,4513.1,4518.3,False,,4513.1,SL,-3.6,-40.0,4
2026-05-22 20:15:00,2026-05-22 20:41:00,2026-05-22 20:42:00,EXTEND,long,4520.4,4519.0,4519.0,4537.4,False,,4519.0,SL,-1.4,-18.0,1
2026-05-23 00:40:00,2026-05-23 00:48:00,2026-05-23 01:00:00,MSS,short,4517.6,4528.8,4517.6,4512.1,True,2026-05-23 00:49:00,4517.6,BE,0.0,-4.0,12
2026-05-23 01:30:00,2026-05-23 01:38:00,2026-05-23 02:04:00,EXTEND,long,4524.4,4514.5,4514.5,4531.0,False,,4514.5,SL,-9.9,-103.0,26
2026-05-23 02:45:00,2026-05-23 02:52:00,2026-05-23 02:53:00,MSS,short,4515.0,4523.3,4515.0,4514.5,True,2026-05-23 02:53:00,4515.1,BE,-0.1,-5.0,1
2026-05-23 03:40:00,2026-05-23 03:56:00,2026-05-23 04:25:00,EXTEND,long,4510.1,4505.9,4510.1,4512.8,True,2026-05-23 04:20:00,4510.1,BE,0.0,-4.0,29
2026-05-25 08:45:00,2026-05-25 08:54:00,2026-05-25 08:55:00,BOS,long,4575.4,4572.2,4572.2,4581.6,False,,4572.2,SL,-3.2,-36.0,1
2026-05-25 08:55:00,2026-05-25 09:04:00,2026-05-25 09:05:00,MSS,short,4570.1,4581.6,4570.1,4566.9,True,2026-05-25 09:05:00,4570.1,BE,0.0,-4.0,1
2026-05-25 09:05:00,2026-05-25 09:25:00,2026-05-25 09:47:00,BOS,short,4571.3,4578.1,4571.3,4561.5,True,2026-05-25 09:44:00,4561.5,TP,9.8,94.0,22
2026-05-25 10:05:00,2026-05-25 10:18:00,2026-05-25 10:19:00,MSS,long,4561.7,4561.7,4561.7,4569.3,False,,4561.6,SL,-0.1,-5.0,1
2026-05-25 10:45:00,2026-05-25 10:57:00,2026-05-25 11:44:00,EXTEND,long,4563.1,4559.6,4559.6,4571.1,False,,4559.6,SL,-3.5,-39.0,47
2026-05-25 11:50:00,2026-05-25 12:04:00,2026-05-25 12:21:00,EXTEND,short,4561.9,4565.1,4565.1,4557.1,False,,4565.1,SL,-3.2,-36.0,17
2026-05-25 12:25:00,2026-05-25 12:35:00,2026-05-25 12:38:00,MSS,long,4562.6,4560.5,4560.5,4566.7,False,,4560.5,SL,-2.1,-25.0,3
2026-05-25 13:20:00,2026-05-25 13:27:00,2026-05-25 13:28:00,MSS,short,4556.3,4567.3,4556.3,4557.1,True,2026-05-25 13:28:00,4556.4,BE,-0.1,-5.0,1
2026-05-25 15:00:00,2026-05-25 15:22:00,2026-05-25 15:23:00,EXTEND,long,4555.3,4554.5,4554.5,4565.8,False,,4554.5,SL,-0.8,-12.0,1
2026-05-25 16:25:00,2026-05-25 16:36:00,2026-05-25 16:37:00,EXTEND,short,4557.0,4566.7,4557.0,4555.2,True,2026-05-25 16:37:00,4557.1,BE,-0.1,-5.0,1
2026-05-25 19:15:00,2026-05-25 19:28:00,2026-05-25 19:38:00,BOS,long,4572.9,4569.4,4572.9,4577.5,True,2026-05-25 19:30:00,4577.5,TP,4.6,42.0,10
2026-05-25 19:45:00,2026-05-25 19:51:00,2026-05-25 19:59:00,EXTEND,long,4573.7,4571.2,4571.2,4579.3,False,,4571.2,SL,-2.5,-29.0,8
2026-05-25 20:20:00,2026-05-25 20:43:00,2026-05-26 01:13:00,EXTEND,short,4569.0,4579.3,4579.3,4554.3,False,,4579.3,SL,-10.3,-107.0,270
2026-05-26 01:10:00,2026-05-26 01:27:00,2026-05-26 01:32:00,EXTEND,long,4573.5,4572.7,4572.7,4580.6,False,,4572.7,SL,-0.8,-12.0,5
2026-05-26 07:25:00,2026-05-26 07:30:00,2026-05-26 07:31:00,MSS,short,4569.2,4583.2,4569.2,4569.1,True,2026-05-26 07:31:00,4569.2,BE,0.0,-4.0,1
2026-05-26 08:15:00,2026-05-26 08:37:00,2026-05-26 08:42:00,BOS,short,4549.2,4554.4,4549.2,4542.2,True,2026-05-26 08:40:00,4549.2,BE,0.0,-4.0,5
2026-05-26 08:50:00,2026-05-26 09:04:00,2026-05-26 09:21:00,BOS,short,4543.5,4552.6,4543.5,4539.9,True,2026-05-26 09:21:00,4543.5,BE,0.0,-4.0,17
2026-05-26 10:05:00,2026-05-26 10:14:00,2026-05-26 10:15:00,MSS,long,4539.2,4539.9,4539.9,4539.9,False,,4539.3,SL,0.1,-3.0,1
2026-05-26 10:30:00,2026-05-26 10:41:00,2026-05-26 10:43:00,MSS,short,4537.8,4540.1,4537.8,4534.8,True,2026-05-26 10:43:00,4534.8,TP,3.0,26.0,2
2026-05-26 10:50:00,2026-05-26 11:04:00,2026-05-26 11:17:00,EXTEND,short,4534.4,4539.5,4539.5,4530.7,False,,4539.5,SL,-5.1,-55.0,13
2026-05-26 13:35:00,2026-05-26 13:43:00,2026-05-26 13:45:00,EXTEND,long,4530.2,4529.2,4529.2,4535.5,False,,4529.2,SL,-1.0,-14.0,2
2026-05-26 13:50:00,2026-05-26 14:10:00,2026-05-26 14:25:00,EXTEND,short,4530.0,4535.5,4535.5,4523.9,False,,4535.5,SL,-5.5,-59.0,15
2026-05-26 14:25:00,2026-05-26 14:40:00,2026-05-26 14:49:00,EXTEND,long,4533.5,4529.5,4529.5,4536.8,False,,4529.5,SL,-4.0,-44.0,9
2026-05-26 15:15:00,2026-05-26 15:29:00,2026-05-26 15:38:00,EXTEND,short,4530.1,4534.3,4530.1,4522.4,True,2026-05-26 15:32:00,4522.4,TP,7.7,73.0,9
2026-05-26 15:45:00,2026-05-26 15:50:00,2026-05-26 15:51:00,MSS,long,4535.4,4521.7,4535.4,4533.8,True,2026-05-26 15:51:00,4535.7,TP,0.3,-1.0,1
2026-05-26 15:55:00,2026-05-26 16:19:00,2026-05-26 16:29:00,EXTEND,long,4530.1,4521.7,4521.7,4539.6,False,,4521.7,SL,-8.4,-88.0,10
2026-05-26 17:15:00,2026-05-26 17:20:00,2026-05-26 17:21:00,EXTEND,short,4524.0,4525.4,4525.4,4518.2,False,,4525.4,SL,-1.4,-18.0,1
2026-05-26 17:40:00,2026-05-26 18:03:00,2026-05-26 18:10:00,EXTEND,short,4520.1,4526.7,4526.7,4512.2,False,,4526.7,SL,-6.6,-70.0,7
2026-05-26 22:10:00,2026-05-26 22:28:00,2026-05-26 22:32:00,BOS,short,4516.2,4521.3,4521.3,4508.4,False,,4521.3,SL,-5.1,-55.0,4
2026-05-27 07:00:00,2026-05-27 07:25:00,2026-05-27 07:33:00,EXTEND,long,4506.3,4500.0,4506.3,4514.0,True,2026-05-27 07:28:00,4514.0,TP,7.7,73.0,8
2026-05-27 08:25:00,2026-05-27 08:48:00,2026-05-27 09:01:00,EXTEND,short,4520.2,4525.8,4520.2,4513.8,True,2026-05-27 08:50:00,4513.8,TP,6.4,60.0,13
2026-05-27 09:10:00,2026-05-27 09:21:00,2026-05-27 09:23:00,MSS,long,4517.1,4512.0,4517.1,4520.5,True,2026-05-27 09:23:00,4520.5,TP,3.4,30.0,2
2026-05-27 09:35:00,2026-05-27 09:43:00,2026-05-27 09:44:00,MSS,short,4509.7,4520.7,4509.7,4510.4,True,2026-05-27 09:44:00,4509.8,BE,-0.1,-5.0,1
2026-05-27 10:45:00,2026-05-27 10:54:00,2026-05-27 10:57:00,EXTEND,short,4503.2,4505.3,4505.3,4497.3,False,,4505.3,SL,-2.1,-25.0,3
2026-05-27 11:15:00,2026-05-27 11:40:00,2026-05-27 11:58:00,EXTEND,long,4502.4,4497.3,4497.3,4511.2,False,,4497.3,SL,-5.1,-55.0,18
2026-05-27 12:00:00,2026-05-27 12:13:00,2026-05-27 12:34:00,EXTEND,short,4500.7,4504.7,4500.7,4494.6,True,2026-05-27 12:32:00,4500.7,BE,0.0,-4.0,21
2026-05-27 12:40:00,2026-05-27 12:45:00,2026-05-27 12:46:00,MSS,long,4508.6,4496.8,4508.6,4507.2,True,2026-05-27 12:46:00,4508.8,TP,0.2,-2.0,1
2026-05-27 13:15:00,2026-05-27 13:20:00,2026-05-27 13:21:00,MSS,short,4503.8,4512.7,4503.8,4503.6,True,2026-05-27 13:21:00,4504.4,BE,-0.6,-10.0,1
2026-05-27 15:15:00,2026-05-27 15:27:00,2026-05-27 15:31:00,EXTEND,short,4484.9,4487.9,4487.9,4479.2,False,,4487.9,SL,-3.0,-34.0,4
2026-05-27 15:50:00,2026-05-27 16:06:00,2026-05-27 16:18:00,EXTEND,short,4484.4,4487.9,4487.9,4474.2,False,,4487.9,SL,-3.5,-39.0,12
2026-05-27 16:20:00,2026-05-27 16:33:00,2026-05-27 16:39:00,EXTEND,long,4486.6,4482.3,4486.6,4491.1,True,2026-05-27 16:36:00,4491.1,TP,4.5,41.0,6
2026-05-27 16:50:00,2026-05-27 17:12:00,2026-05-27 18:03:00,EXTEND,long,4489.5,4484.7,4484.7,4496.8,False,,4484.7,SL,-4.8,-52.0,51
2026-05-27 19:55:00,2026-05-27 20:08:00,2026-05-27 20:18:00,BOS,short,4430.0,4442.0,4430.0,4422.1,True,2026-05-27 20:13:00,4430.0,BE,0.0,-4.0,10
2026-05-27 20:20:00,2026-05-27 20:49:00,2026-05-27 21:05:00,EXTEND,long,4443.1,4426.2,4426.2,4463.8,False,,4426.2,SL,-16.9,-173.0,16
2026-05-27 21:30:00,2026-05-27 21:35:00,2026-05-27 21:36:00,MSS,long,4422.8,4398.4,4422.8,4422.2,True,2026-05-27 21:36:00,4423.1,TP,0.3,-1.0,1
2026-05-28 01:00:00,2026-05-28 01:07:00,2026-05-28 01:08:00,MSS,short,4445.9,4451.4,4445.9,4445.5,True,2026-05-28 01:08:00,4446.0,BE,-0.1,-5.0,1
2026-05-28 01:25:00,2026-05-28 01:31:00,2026-05-28 01:32:00,MSS,long,4451.1,4439.7,4451.1,4449.7,True,2026-05-28 01:32:00,4451.1,BE,0.0,-4.0,1
2026-05-28 02:05:00,2026-05-28 02:22:00,2026-05-28 02:23:00,EXTEND,short,4454.3,4452.9,4452.9,4446.0,False,,4454.2,SL,0.1,-3.0,1
2026-05-28 02:20:00,2026-05-28 02:38:00,2026-05-28 04:18:00,MSS,long,4451.1,4446.0,4451.1,4457.0,True,2026-05-28 04:15:00,4457.0,TP,5.9,55.0,99
2026-05-28 07:25:00,2026-05-28 07:41:00,2026-05-28 07:45:00,EXTEND,short,4449.6,4451.8,4449.6,4446.5,True,2026-05-28 07:45:00,4446.5,TP,3.1,27.0,3
2026-05-28 07:50:00,2026-05-28 08:04:00,2026-05-28 08:18:00,EXTEND,short,4446.6,4450.8,4446.6,4441.7,True,2026-05-28 08:15:00,4447.2,BE,-0.6,-10.0,8
2026-05-28 12:55:00,2026-05-28 13:07:00,2026-05-28 13:09:00,BOS,long,4370.1,4366.7,4370.1,4371.0,True,2026-05-28 13:09:00,4370.1,BE,0.0,-4.0,1
2026-05-28 17:00:00,2026-05-28 17:14:00,2026-05-28 17:21:00,MSS,long,4385.9,4383.3,4385.9,4388.1,True,2026-05-28 17:19:00,4389.8,TP,3.9,35.0,2
2026-05-28 19:25:00,2026-05-28 19:30:00,2026-05-28 19:31:00,MSS,short,4382.3,4388.3,4382.3,4382.6,True,2026-05-28 19:31:00,4382.3,BE,0.0,-4.0,1
2026-05-28 19:30:00,2026-05-28 19:39:00,2026-05-28 19:50:00,EXTEND,short,4385.3,4388.3,4385.3,4380.1,True,2026-05-28 19:47:00,4380.1,TP,5.2,48.0,10
2026-05-28 21:35:00,2026-05-28 21:47:00,2026-05-28 21:53:00,EXTEND,short,4423.4,4431.6,4431.6,4416.5,False,,4431.6,SL,-8.2,-86.0,6
2026-05-28 22:45:00,2026-05-28 22:59:00,2026-05-28 23:07:00,EXTEND,long,4467.0,4452.8,4467.0,4477.5,True,2026-05-28 23:02:00,4477.5,TP,10.5,101.0,7
2026-05-29 01:10:00,2026-05-29 01:20:00,2026-05-29 01:31:00,MSS,short,4500.7,4511.5,4500.7,4502.1,True,2026-05-29 01:31:00,4502.4,BE,-1.7,-21.0,1
