break_mode,days,variant,entry_mode,tp_mode,be_mode,actual_days,signals,trades,wins,losses,be_exits,win_rate,net_pnl,gross_profit,gross_loss,profit_factor,max_drawdown,winning_days,losing_days,skipped
Loose,30,limit_wave_end_no_be,limit,wave_end,no_be,28.83,723,294,110,184,0,37.41,-806.99,9618.26,-10425.25,0.92,-1965.87,10,13,789
Loose,30,limit_wave_end_be_236,limit,wave_end,be_236,28.83,723,319,102,217,57,31.97,-448.9,8707.2,-9156.09,0.95,-1812.58,9,14,696
Loose,30,limit_wave_end_be_500,limit,wave_end,be_500,28.83,723,408,74,334,215,18.14,-1062.98,5709.42,-6772.4,0.84,-1435.7,8,15,414
Loose,30,limit_ext_027_no_be,limit,ext_027,no_be,28.83,723,224,66,158,0,29.46,-150.35,9040.94,-9191.3,0.98,-1457.92,10,13,1007
Loose,30,limit_ext_027_be_236,limit,ext_027,be_236,28.83,723,300,65,235,85,21.67,-896.04,7747.39,-8643.43,0.9,-1818.73,9,14,763
Loose,30,limit_ext_027_be_500,limit,ext_027,be_500,28.83,723,389,46,343,233,11.83,-1302.39,5187.8,-6490.19,0.8,-2008.78,9,14,463
Loose,30,engulf_wave_end_no_be,engulf,wave_end,no_be,28.83,723,312,132,180,0,42.31,-945.0,7544.0,-8489.0,0.89,-1483.0,11,12,606
Loose,30,engulf_wave_end_be_236,engulf,wave_end,be_236,28.83,723,357,83,274,139,23.25,-1231.0,5605.0,-6836.0,0.82,-1754.0,9,14,437
Loose,30,engulf_wave_end_be_500,engulf,wave_end,be_500,28.83,723,417,27,390,291,6.47,-3046.0,1360.0,-4406.0,0.31,-3214.0,3,20,232
Loose,30,engulf_ext_027_no_be,engulf,ext_027,no_be,28.83,723,229,98,131,0,42.79,-764.9,7827.38,-8592.28,0.91,-1771.56,11,12,914
Loose,30,engulf_ext_027_be_236,engulf,ext_027,be_236,28.83,723,315,43,272,173,13.65,-1556.67,4501.63,-6058.3,0.74,-1895.87,7,16,609
Loose,30,engulf_ext_027_be_500,engulf,ext_027,be_500,28.83,723,403,16,387,307,3.97,-3233.73,1054.57,-4288.3,0.25,-3259.73,3,20,297
Loose,60,limit_wave_end_no_be,limit,wave_end,no_be,59.92,849,359,144,215,0,40.11,0.28,12152.02,-12151.74,1.0,-1965.87,13,15,864
Loose,60,limit_wave_end_be_236,limit,wave_end,be_236,59.92,849,384,134,250,63,34.9,408.83,11134.01,-10725.18,1.04,-1812.58,12,16,771
Loose,60,limit_wave_end_be_500,limit,wave_end,be_500,59.92,849,478,93,385,248,19.46,-717.87,7204.99,-7922.87,0.91,-1495.37,10,18,469
Loose,60,limit_ext_027_no_be,limit,ext_027,no_be,59.92,849,279,90,189,0,32.26,1024.78,11946.38,-10921.61,1.09,-1457.92,13,15,1110
Loose,60,limit_ext_027_be_236,limit,ext_027,be_236,59.92,849,359,86,273,98,23.96,56.21,10179.09,-10122.88,1.01,-1818.73,12,16,857
Loose,60,limit_ext_027_be_500,limit,ext_027,be_500,59.92,849,452,59,393,267,13.05,-846.99,6680.03,-7527.03,0.89,-2008.78,12,16,533
Loose,60,engulf_wave_end_no_be,engulf,wave_end,no_be,59.92,849,378,174,204,0,46.03,414.0,9777.0,-9363.0,1.04,-1483.0,15,13,666
Loose,60,engulf_wave_end_be_236,engulf,wave_end,be_236,59.92,849,423,106,317,170,25.06,-382.0,7166.0,-7548.0,0.95,-1754.0,12,16,494
Loose,60,engulf_wave_end_be_500,engulf,wave_end,be_500,59.92,849,486,35,451,343,7.2,-3009.0,1997.0,-5006.0,0.4,-3261.0,6,22,274
Loose,60,engulf_ext_027_no_be,engulf,ext_027,no_be,59.92,849,281,131,150,0,46.62,694.87,10532.15,-9837.28,1.07,-1771.56,14,14,1016
Loose,60,engulf_ext_027_be_236,engulf,ext_027,be_236,59.92,849,379,60,319,210,15.83,-404.05,6367.25,-6771.3,0.94,-1895.87,10,18,678
Loose,60,engulf_ext_027_be_500,engulf,ext_027,be_500,59.92,849,472,24,448,360,5.08,-2905.32,1983.98,-4889.3,0.41,-3301.73,6,22,343
Loose,90,limit_wave_end_no_be,limit,wave_end,no_be,90.0,1539,616,258,358,0,41.88,3861.25,30812.44,-26951.18,1.14,-1965.87,26,25,1617
Loose,90,limit_wave_end_be_236,limit,wave_end,be_236,90.0,1539,667,239,428,115,35.83,5020.3,28583.92,-23563.62,1.21,-1812.58,27,24,1427
Loose,90,limit_wave_end_be_500,limit,wave_end,be_500,90.0,1539,818,156,662,447,19.07,361.54,15946.57,-15585.03,1.02,-1681.98,23,28,938
Loose,90,limit_ext_027_no_be,limit,ext_027,no_be,90.0,1539,465,154,311,0,33.12,3882.23,28069.58,-24187.36,1.16,-1802.53,25,24,2129
Loose,90,limit_ext_027_be_236,limit,ext_027,be_236,90.0,1539,611,156,455,169,25.53,5942.06,27708.86,-21766.8,1.27,-1818.73,26,24,1645
Loose,90,limit_ext_027_be_500,limit,ext_027,be_500,90.0,1539,773,108,665,465,13.97,2135.89,17094.22,-14958.33,1.14,-2008.78,25,26,1062
Loose,90,engulf_wave_end_no_be,engulf,wave_end,no_be,90.0,1539,576,259,317,0,44.97,558.0,20618.0,-20060.0,1.03,-1737.0,25,24,1557
Loose,90,engulf_wave_end_be_236,engulf,wave_end,be_236,90.0,1539,670,174,496,260,25.97,29.0,16643.0,-16614.0,1.0,-1887.0,23,28,1199
Loose,90,engulf_wave_end_be_500,engulf,wave_end,be_500,90.0,1539,842,62,780,604,7.36,-4848.0,4870.0,-9718.0,0.5,-5016.0,11,40,576
Loose,90,engulf_ext_027_no_be,engulf,ext_027,no_be,90.0,1539,451,211,240,0,46.78,2022.47,23601.94,-21579.47,1.09,-1844.85,22,26,2040
Loose,90,engulf_ext_027_be_236,engulf,ext_027,be_236,90.0,1539,619,102,517,329,16.48,412.6,16205.9,-15793.3,1.03,-2119.41,20,30,1431
Loose,90,engulf_ext_027_be_500,engulf,ext_027,be_500,90.0,1539,825,44,781,638,5.33,-3839.31,5800.99,-9640.3,0.6,-4058.32,13,38,662
Loose,120,limit_wave_end_no_be,limit,wave_end,no_be,119.79,1712,679,282,397,0,41.53,3789.79,33951.05,-30161.26,1.13,-1965.87,27,30,1765
Loose,120,limit_wave_end_be_236,limit,wave_end,be_236,119.79,1712,733,260,473,125,35.47,5015.68,31526.88,-26511.2,1.19,-1812.58,28,29,1573
Loose,120,limit_wave_end_be_500,limit,wave_end,be_500,119.79,1712,893,170,723,489,19.04,281.43,17654.96,-17373.53,1.02,-1681.98,25,32,1019
Loose,120,limit_ext_027_no_be,limit,ext_027,no_be,119.79,1712,518,172,346,0,33.2,5092.37,32286.62,-27194.26,1.19,-2092.45,26,29,2294
Loose,120,limit_ext_027_be_236,limit,ext_027,be_236,119.79,1712,674,173,501,183,25.67,6954.95,31621.76,-24666.81,1.28,-1818.73,28,28,1779
Loose,120,limit_ext_027_be_500,limit,ext_027,be_500,119.79,1712,841,119,722,504,14.15,2612.24,19302.18,-16689.95,1.16,-2008.78,28,29,1159
Loose,120,engulf_wave_end_no_be,engulf,wave_end,no_be,119.79,1712,630,280,350,0,44.44,247.0,22533.0,-22286.0,1.01,-1737.0,27,27,1715
Loose,120,engulf_wave_end_be_236,engulf,wave_end,be_236,119.79,1712,739,191,548,284,25.85,-164.0,18538.0,-18702.0,0.99,-1887.0,24,33,1307
Loose,120,engulf_wave_end_be_500,engulf,wave_end,be_500,119.79,1712,917,69,848,661,7.52,-4757.0,5665.0,-10422.0,0.54,-5055.0,14,43,640
Loose,120,engulf_ext_027_no_be,engulf,ext_027,no_be,119.79,1712,493,232,261,0,47.06,2753.53,26464.0,-23710.47,1.12,-1844.85,24,29,2248
Loose,120,engulf_ext_027_be_236,engulf,ext_027,be_236,119.79,1712,688,114,574,364,16.57,824.94,18654.24,-17829.3,1.05,-2119.41,22,34,1539
Loose,120,engulf_ext_027_be_500,engulf,ext_027,be_500,119.79,1712,900,49,851,702,5.44,-3534.27,6824.03,-10358.3,0.66,-4058.32,15,42,731
Loose,150,limit_wave_end_no_be,limit,wave_end,no_be,150.0,2460,944,373,571,0,39.51,644.38,41109.96,-40465.59,1.02,-4696.25,33,45,2758
Loose,150,limit_wave_end_be_236,limit,wave_end,be_236,150.0,2460,1037,338,699,188,32.59,1319.17,37380.05,-36060.88,1.04,-4756.37,35,42,2391
Loose,150,limit_wave_end_be_500,limit,wave_end,be_500,150.0,2460,1293,221,1072,736,17.09,-2150.1,21956.18,-24106.28,0.91,-3326.38,30,49,1502
Loose,150,limit_ext_027_no_be,limit,ext_027,no_be,150.0,2460,743,238,505,0,32.03,2788.09,40067.02,-37278.92,1.07,-3683.62,34,42,3424
Loose,150,limit_ext_027_be_236,limit,ext_027,be_236,150.0,2460,966,227,739,266,23.5,3707.55,38059.55,-34351.99,1.11,-4084.2,36,41,2639
Loose,150,limit_ext_027_be_500,limit,ext_027,be_500,150.0,2460,1219,156,1063,746,12.8,727.36,23953.82,-23226.46,1.03,-2277.66,34,44,1739
Loose,150,engulf_wave_end_no_be,engulf,wave_end,no_be,150.0,2460,900,378,522,0,42.0,-3048.0,27534.0,-30582.0,0.9,-5411.0,33,42,2599
Loose,150,engulf_wave_end_be_236,engulf,wave_end,be_236,150.0,2460,1055,244,811,421,23.13,-3544.0,21939.0,-25483.0,0.86,-4594.0,28,50,2005
Loose,150,engulf_wave_end_be_500,engulf,wave_end,be_500,150.0,2460,1329,90,1239,977,6.77,-6558.0,7309.0,-13867.0,0.53,-6726.0,19,61,938
Loose,150,engulf_ext_027_no_be,engulf,ext_027,no_be,150.0,2460,720,332,388,0,46.11,893.73,33766.06,-32872.33,1.03,-3679.42,34,40,3253
Loose,150,engulf_ext_027_be_236,engulf,ext_027,be_236,150.0,2460,988,152,836,524,15.38,-1732.32,22572.98,-24305.3,0.93,-3417.2,29,48,2288
Loose,150,engulf_ext_027_be_500,engulf,ext_027,be_500,150.0,2460,1309,69,1240,1041,5.27,-4841.46,8995.84,-13837.3,0.65,-4894.08,21,59,1045
Loose,180,limit_wave_end_no_be,limit,wave_end,no_be,179.91,2606,992,392,600,0,39.52,875.15,42816.28,-41941.12,1.02,-4696.25,34,48,2861
Loose,180,limit_wave_end_be_236,limit,wave_end,be_236,179.91,2606,1089,356,733,197,32.69,1426.77,38793.72,-37366.95,1.04,-4891.21,37,44,2482
Loose,180,limit_wave_end_be_500,limit,wave_end,be_500,179.91,2606,1351,229,1122,769,16.95,-2559.73,22540.32,-25100.05,0.9,-3847.89,32,51,1576
Loose,180,limit_ext_027_no_be,limit,ext_027,no_be,179.91,2606,779,254,525,0,32.61,3785.48,42221.26,-38435.78,1.1,-3683.62,36,44,3559
Loose,180,limit_ext_027_be_236,limit,ext_027,be_236,179.91,2606,1008,240,768,280,23.81,4252.4,39531.38,-35278.98,1.12,-4115.36,40,41,2757
Loose,180,limit_ext_027_be_500,limit,ext_027,be_500,179.91,2606,1274,161,1113,780,12.64,348.04,24529.69,-24181.65,1.01,-2798.4,35,47,1818
Loose,180,engulf_wave_end_no_be,engulf,wave_end,no_be,179.91,2606,949,399,550,0,42.04,-2805.0,28821.0,-31626.0,0.91,-5411.0,34,45,2681
Loose,180,engulf_wave_end_be_236,engulf,wave_end,be_236,179.91,2606,1108,253,855,448,22.83,-3755.0,22543.0,-26298.0,0.86,-4758.0,28,54,2073
Loose,180,engulf_wave_end_be_500,engulf,wave_end,be_500,179.91,2606,1390,94,1296,1024,6.76,-6514.0,7714.0,-14228.0,0.54,-6902.0,20,64,991
Loose,180,engulf_ext_027_no_be,engulf,ext_027,no_be,179.91,2606,754,350,404,0,46.42,1552.72,35339.05,-33786.33,1.05,-3679.42,36,42,3380
Loose,180,engulf_ext_027_be_236,engulf,ext_027,be_236,179.91,2606,1038,158,880,556,15.22,-1970.39,23122.91,-25093.3,0.92,-3647.72,29,52,2372
Loose,180,engulf_ext_027_be_500,engulf,ext_027,be_500,179.91,2606,1369,73,1296,1091,5.33,-4767.44,9435.86,-14203.3,0.66,-5087.99,22,62,1100
Loose,210,limit_wave_end_no_be,limit,wave_end,no_be,210.0,3305,1274,508,766,0,39.87,1182.18,51886.75,-50704.57,1.02,-4768.97,45,56,3461
Loose,210,limit_wave_end_be_236,limit,wave_end,be_236,210.0,3305,1392,454,938,251,32.61,787.51,45871.45,-45083.95,1.02,-5971.69,48,53,3002
Loose,210,limit_wave_end_be_500,limit,wave_end,be_500,210.0,3305,1712,278,1434,1004,16.24,-3726.43,25874.72,-29601.15,0.87,-5187.34,39,64,1875
Loose,210,limit_ext_027_no_be,limit,ext_027,no_be,210.0,3305,995,327,668,0,32.86,4829.86,51070.33,-46240.47,1.1,-3683.62,48,51,4381
Loose,210,limit_ext_027_be_236,limit,ext_027,be_236,210.0,3305,1266,295,971,356,23.3,3717.12,45590.42,-41873.3,1.09,-4968.22,49,52,3416
Loose,210,limit_ext_027_be_500,limit,ext_027,be_500,210.0,3305,1610,191,1419,1014,11.86,-729.9,27729.93,-28459.82,0.97,-3975.85,41,61,2186
Loose,210,engulf_wave_end_no_be,engulf,wave_end,no_be,210.0,3305,1232,527,705,0,42.78,-3829.0,35246.0,-39075.0,0.9,-5974.0,43,56,3183
Loose,210,engulf_wave_end_be_236,engulf,wave_end,be_236,210.0,3305,1425,327,1098,576,22.95,-5820.0,26714.0,-32534.0,0.82,-7057.0,34,69,2451
Loose,210,engulf_wave_end_be_500,engulf,wave_end,be_500,210.0,3305,1750,108,1642,1316,6.17,-8909.0,8308.0,-17217.0,0.48,-9077.0,21,84,1184
Loose,210,engulf_ext_027_no_be,engulf,ext_027,no_be,210.0,3305,948,438,510,0,46.2,439.54,41716.77,-41277.23,1.01,-3743.87,45,52,4223
Loose,210,engulf_ext_027_be_236,engulf,ext_027,be_236,210.0,3305,1328,196,1132,712,14.76,-4313.42,26417.9,-30731.32,0.86,-5746.02,34,67,2823
Loose,210,engulf_ext_027_be_500,engulf,ext_027,be_500,210.0,3305,1725,81,1644,1395,4.7,-7030.94,10183.38,-17214.32,0.59,-7056.94,23,82,1301
Loose,240,limit_wave_end_no_be,limit,wave_end,no_be,238.79,3422,1311,522,789,0,39.82,866.39,53127.93,-52261.54,1.02,-4768.97,47,58,3595
Loose,240,limit_wave_end_be_236,limit,wave_end,be_236,238.79,3422,1440,469,971,264,32.57,832.71,47253.86,-46421.16,1.02,-5971.69,50,55,3081
Loose,240,limit_wave_end_be_500,limit,wave_end,be_500,238.79,3422,1766,287,1479,1041,16.25,-3668.94,26634.09,-30303.03,0.88,-5187.34,41,66,1943
Loose,240,limit_ext_027_no_be,limit,ext_027,no_be,238.79,3422,1029,337,692,0,32.75,4499.3,52353.45,-47854.16,1.09,-3683.62,50,53,4524
Loose,240,limit_ext_027_be_236,limit,ext_027,be_236,238.79,3422,1310,305,1005,370,23.28,3712.19,46890.42,-43178.22,1.09,-4968.22,50,55,3514
Loose,240,limit_ext_027_be_500,limit,ext_027,be_500,238.79,3422,1660,196,1464,1051,11.81,-856.81,28304.89,-29161.7,0.97,-3975.85,43,63,2265
Loose,240,engulf_wave_end_no_be,engulf,wave_end,no_be,238.79,3422,1279,549,730,0,42.92,-4151.0,36596.0,-40747.0,0.9,-6199.0,45,58,3253
Loose,240,engulf_wave_end_be_236,engulf,wave_end,be_236,238.79,3422,1472,339,1133,600,23.03,-5673.0,27678.0,-33351.0,0.83,-7085.0,37,70,2517
Loose,240,engulf_wave_end_be_500,engulf,wave_end,be_500,238.79,3422,1804,112,1692,1360,6.21,-9077.0,8499.0,-17576.0,0.48,-9245.0,23,86,1213
Loose,240,engulf_ext_027_no_be,engulf,ext_027,no_be,238.79,3422,979,453,526,0,46.27,323.57,43096.8,-42773.23,1.01,-4004.18,46,54,4369
Loose,240,engulf_ext_027_be_236,engulf,ext_027,be_236,238.79,3422,1374,206,1168,741,14.99,-3890.98,27566.34,-31457.32,0.88,-6068.1,37,68,2901
Loose,240,engulf_ext_027_be_500,engulf,ext_027,be_500,238.79,3422,1779,85,1694,1443,4.78,-7144.27,10436.05,-17580.32,0.59,-7170.27,25,84,1333
Loose,270,limit_wave_end_no_be,limit,wave_end,no_be,270.0,4038,1537,602,935,0,39.17,-781.37,56264.82,-57046.19,0.99,-5586.78,54,71,4025
Loose,270,limit_wave_end_be_236,limit,wave_end,be_236,270.0,4038,1675,541,1134,299,32.3,-836.66,49978.32,-50814.98,0.98,-6771.18,58,67,3451
Loose,270,limit_wave_end_be_500,limit,wave_end,be_500,270.0,4038,2019,339,1680,1158,16.79,-5208.38,28518.88,-33727.27,0.85,-6384.66,45,82,2209
Loose,270,limit_ext_027_no_be,limit,ext_027,no_be,270.0,4038,1226,388,838,0,31.65,3153.56,55701.06,-52547.5,1.06,-3683.62,56,67,5063
Loose,270,limit_ext_027_be_236,limit,ext_027,be_236,270.0,4038,1527,349,1178,422,22.86,1999.05,49450.39,-47451.34,1.04,-5635.19,57,68,3956
Loose,270,limit_ext_027_be_500,limit,ext_027,be_500,270.0,4038,1905,230,1675,1182,12.07,-2329.66,30182.04,-32511.7,0.93,-5311.83,49,77,2575
Loose,270,engulf_wave_end_no_be,engulf,wave_end,no_be,270.0,4038,1496,638,858,0,42.65,-5216.0,38867.0,-44083.0,0.88,-7074.0,52,71,3612
Loose,270,engulf_wave_end_be_236,engulf,wave_end,be_236,270.0,4038,1706,407,1299,677,23.86,-6849.0,29590.0,-36439.0,0.81,-7821.0,44,83,2791
Loose,270,engulf_wave_end_be_500,engulf,wave_end,be_500,270.0,4038,2059,155,1904,1516,7.53,-10233.0,9481.0,-19714.0,0.48,-10453.0,26,103,1369
Loose,270,engulf_ext_027_no_be,engulf,ext_027,no_be,270.0,4038,1178,535,643,0,45.42,-73.33,46564.8,-46638.13,1.0,-4247.81,55,65,4852
Loose,270,engulf_ext_027_be_236,engulf,ext_027,be_236,270.0,4038,1599,256,1343,833,16.01,-4532.49,29967.83,-34500.32,0.87,-6162.76,46,79,3232
Loose,270,engulf_ext_027_be_500,engulf,ext_027,be_500,270.0,4038,2032,119,1913,1610,5.86,-8013.88,11746.44,-19760.32,0.59,-8110.56,28,101,1515
Loose,300,limit_wave_end_no_be,limit,wave_end,no_be,299.97,4281,1641,646,995,0,39.37,-962.04,57751.35,-58713.38,0.98,-5835.7,55,77,4151
Loose,300,limit_wave_end_be_236,limit,wave_end,be_236,299.97,4281,1780,580,1200,313,32.58,-1119.52,51197.72,-52317.24,0.98,-7124.68,60,72,3569
Loose,300,limit_wave_end_be_500,limit,wave_end,be_500,299.97,4281,2138,371,1767,1208,17.35,-5547.35,29409.22,-34956.58,0.84,-6751.28,47,87,2280
Loose,300,limit_ext_027_no_be,limit,ext_027,no_be,299.97,4281,1315,419,896,0,31.86,3046.8,57277.71,-54230.91,1.06,-3683.62,60,70,5270
Loose,300,limit_ext_027_be_236,limit,ext_027,be_236,299.97,4281,1620,376,1244,443,23.21,1972.68,50824.6,-48851.92,1.04,-5789.63,62,70,4133
Loose,300,limit_ext_027_be_500,limit,ext_027,be_500,299.97,4281,2015,253,1762,1236,12.56,-2503.41,31182.62,-33686.04,0.93,-5531.3,52,81,2686
Loose,300,engulf_wave_end_no_be,engulf,wave_end,no_be,299.97,4281,1589,680,909,0,42.79,-5389.0,39997.0,-45386.0,0.88,-7340.0,54,76,3731
Loose,300,engulf_wave_end_be_236,engulf,wave_end,be_236,299.97,4281,1802,439,1363,706,24.36,-7082.0,30409.0,-37491.0,0.81,-8162.0,46,88,2892
Loose,300,engulf_wave_end_be_500,engulf,wave_end,be_500,299.97,4281,2169,179,1990,1579,8.25,-10358.0,10074.0,-20432.0,0.49,-10631.0,27,109,1426
Loose,300,engulf_ext_027_no_be,engulf,ext_027,no_be,299.97,4281,1258,572,686,0,45.47,-25.68,47931.45,-47957.13,1.0,-4247.81,58,69,5056
Loose,300,engulf_ext_027_be_236,engulf,ext_027,be_236,299.97,4281,1686,278,1408,870,16.49,-4606.12,30897.2,-35503.32,0.87,-6277.34,49,83,3380
Loose,300,engulf_ext_027_be_500,engulf,ext_027,be_500,299.97,4281,2134,135,1999,1679,6.33,-8059.5,12420.82,-20480.32,0.61,-8220.21,31,105,1604
Loose,330,limit_wave_end_no_be,limit,wave_end,no_be,329.83,4938,1955,753,1202,0,38.52,-2824.78,61460.26,-64285.04,0.96,-7694.34,59,94,4644
Loose,330,limit_wave_end_be_236,limit,wave_end,be_236,329.83,4938,2112,671,1441,368,31.77,-3088.52,54320.5,-57409.01,0.95,-9074.25,66,87,4016
Loose,330,limit_wave_end_be_500,limit,wave_end,be_500,329.83,4938,2517,425,2092,1426,16.89,-7314.02,31050.95,-38364.97,0.81,-8585.77,51,104,2523
Loose,330,limit_ext_027_no_be,limit,ext_027,no_be,329.83,4938,1575,488,1087,0,30.98,1685.22,61031.47,-59346.25,1.03,-4429.93,67,84,5974
Loose,330,limit_ext_027_be_236,limit,ext_027,be_236,329.83,4938,1918,436,1482,516,22.73,525.38,53945.19,-53419.81,1.01,-7289.51,69,84,4707
Loose,330,limit_ext_027_be_500,limit,ext_027,be_500,329.83,4938,2371,288,2083,1458,12.15,-4095.28,32793.77,-36889.05,0.89,-7254.98,55,99,3007
Loose,330,engulf_wave_end_no_be,engulf,wave_end,no_be,329.83,4938,1891,799,1092,0,42.25,-7122.0,42781.0,-49903.0,0.86,-9005.0,58,93,4168
Loose,330,engulf_wave_end_be_236,engulf,wave_end,be_236,329.83,4938,2132,518,1614,828,24.3,-8610.0,32623.0,-41233.0,0.79,-9567.0,50,105,3234
Loose,330,engulf_wave_end_be_500,engulf,wave_end,be_500,329.83,4938,2529,203,2326,1846,8.03,-11810.0,10796.0,-22606.0,0.48,-11978.0,31,126,1632
Loose,330,engulf_ext_027_no_be,engulf,ext_027,no_be,329.83,4938,1495,664,831,0,44.41,-1391.19,51278.97,-52670.16,0.97,-5583.55,65,83,5769
Loose,330,engulf_ext_027_be_236,engulf,ext_027,be_236,329.83,4938,1990,326,1664,1022,16.38,-5840.63,33132.4,-38973.03,0.85,-7510.1,54,99,3832
Loose,330,engulf_ext_027_be_500,engulf,ext_027,be_500,329.83,4938,2486,156,2330,1959,6.28,-9473.92,13183.11,-22657.03,0.58,-9499.92,38,119,1844
Loose,360,limit_wave_end_no_be,limit,wave_end,no_be,357.83,5164,2056,784,1272,0,38.13,-3461.73,62813.9,-66275.63,0.95,-8399.12,62,100,4793
Loose,360,limit_wave_end_be_236,limit,wave_end,be_236,357.83,5164,2216,694,1522,390,31.32,-3838.34,55322.97,-59161.31,0.94,-9887.46,68,93,4148
Loose,360,limit_wave_end_be_500,limit,wave_end,be_500,357.83,5164,2632,440,2192,1487,16.72,-8023.18,31668.9,-39692.08,0.8,-9247.37,52,111,2623
Loose,360,limit_ext_027_no_be,limit,ext_027,no_be,357.83,5164,1665,510,1155,0,30.63,1234.38,62530.38,-61296.0,1.02,-4906.53,70,90,6177
Loose,360,limit_ext_027_be_236,limit,ext_027,be_236,357.83,5164,2019,456,1563,541,22.59,144.0,55214.12,-55070.12,1.0,-7807.18,72,89,4866
Loose,360,limit_ext_027_be_500,limit,ext_027,be_500,357.83,5164,2484,300,2184,1520,12.08,-4701.87,33519.28,-38221.15,0.88,-7840.9,56,106,3121
Loose,360,engulf_wave_end_no_be,engulf,wave_end,no_be,357.83,5164,1991,833,1158,0,41.84,-7645.0,43775.0,-51420.0,0.85,-9649.0,61,99,4304
Loose,360,engulf_wave_end_be_236,engulf,wave_end,be_236,357.83,5164,2236,534,1702,878,23.88,-9005.0,33318.0,-42323.0,0.79,-10219.0,52,111,3349
Loose,360,engulf_wave_end_be_500,engulf,wave_end,be_500,357.83,5164,2642,209,2433,1930,7.91,-12162.0,11170.0,-23332.0,0.48,-12531.0,33,132,1713
Loose,360,engulf_ext_027_no_be,engulf,ext_027,no_be,357.83,5164,1575,693,882,0,44.0,-1990.78,52566.38,-54557.16,0.96,-6101.13,69,88,5972
Loose,360,engulf_ext_027_be_236,engulf,ext_027,be_236,357.83,5164,2092,340,1752,1075,16.25,-5884.41,34066.62,-39951.03,0.85,-7703.58,57,104,3966
Loose,360,engulf_ext_027_be_500,engulf,ext_027,be_500,357.83,5164,2597,161,2436,2044,6.2,-9684.73,13646.3,-23331.03,0.58,-9968.29,40,125,1930
Strict,30,limit_wave_end_no_be,limit,wave_end,no_be,28.83,666,284,106,178,0,37.32,-996.85,9486.56,-10483.42,0.9,-1546.8,9,14,713
Strict,30,limit_wave_end_be_236,limit,wave_end,be_236,28.83,666,317,101,216,57,31.86,-494.82,8813.17,-9307.98,0.95,-1428.89,8,15,585
Strict,30,limit_wave_end_be_500,limit,wave_end,be_500,28.83,666,392,68,324,211,17.35,-1392.62,5316.89,-6709.51,0.79,-1678.28,7,16,370
Strict,30,limit_ext_027_no_be,limit,ext_027,no_be,28.83,666,215,65,150,0,30.23,-324.09,8905.53,-9229.62,0.96,-1366.0,9,14,929
Strict,30,limit_ext_027_be_236,limit,ext_027,be_236,28.83,666,276,65,211,74,23.55,-605.87,7740.28,-8346.15,0.93,-1769.42,10,13,729
Strict,30,limit_ext_027_be_500,limit,ext_027,be_500,28.83,666,364,44,320,213,12.09,-1285.39,5181.59,-6466.98,0.8,-1834.45,9,14,456
Strict,30,engulf_wave_end_no_be,engulf,wave_end,no_be,28.83,666,289,118,171,0,40.83,-1315.0,6949.0,-8264.0,0.84,-1617.0,10,13,603
Strict,30,engulf_wave_end_be_236,engulf,wave_end,be_236,28.83,666,330,76,254,126,23.03,-1418.0,5187.0,-6605.0,0.79,-1846.0,11,12,434
Strict,30,engulf_wave_end_be_500,engulf,wave_end,be_500,28.83,666,393,24,369,273,6.11,-2935.0,1315.0,-4250.0,0.31,-3103.0,2,21,212
Strict,30,engulf_ext_027_no_be,engulf,ext_027,no_be,28.83,666,225,98,127,0,43.56,-860.14,7717.14,-8577.28,0.9,-1551.89,11,12,830
Strict,30,engulf_ext_027_be_236,engulf,ext_027,be_236,28.83,666,301,44,257,164,14.62,-1193.61,4548.69,-5742.3,0.79,-1579.99,9,14,555
Strict,30,engulf_ext_027_be_500,engulf,ext_027,be_500,28.83,666,383,15,368,290,3.92,-3112.79,1040.51,-4153.3,0.25,-3138.79,3,20,259
Strict,60,limit_wave_end_no_be,limit,wave_end,no_be,59.92,782,344,137,207,0,39.83,-341.65,11843.83,-12185.48,0.97,-1546.8,12,16,782
Strict,60,limit_wave_end_be_236,limit,wave_end,be_236,59.92,782,377,132,245,61,35.01,325.8,11170.44,-10844.64,1.03,-1428.89,11,17,654
Strict,60,limit_wave_end_be_500,limit,wave_end,be_500,59.92,782,456,86,370,240,18.86,-1121.63,6742.92,-7864.55,0.86,-1911.48,10,18,423
Strict,60,limit_ext_027_no_be,limit,ext_027,no_be,59.92,782,265,87,178,0,32.83,795.48,11663.57,-10868.09,1.07,-1366.0,12,16,1023
Strict,60,limit_ext_027_be_236,limit,ext_027,be_236,59.92,782,330,86,244,84,26.06,406.33,10181.75,-9775.42,1.04,-1769.42,13,15,815
Strict,60,limit_ext_027_be_500,limit,ext_027,be_500,59.92,782,421,57,364,242,13.54,-807.05,6683.59,-7490.64,0.89,-1854.42,12,16,522
Strict,60,engulf_wave_end_no_be,engulf,wave_end,no_be,59.92,782,350,155,195,0,44.29,-134.0,9039.0,-9173.0,0.99,-1617.0,14,14,659
Strict,60,engulf_wave_end_be_236,engulf,wave_end,be_236,59.92,782,391,97,294,154,24.81,-731.0,6607.0,-7338.0,0.9,-1846.0,14,14,486
Strict,60,engulf_wave_end_be_500,engulf,wave_end,be_500,59.92,782,456,32,424,319,7.02,-2906.0,1952.0,-4858.0,0.4,-3157.0,5,23,253
Strict,60,engulf_ext_027_no_be,engulf,ext_027,no_be,59.92,782,273,129,144,0,47.25,607.71,10289.99,-9682.28,1.06,-1551.89,14,14,921
Strict,60,engulf_ext_027_be_236,engulf,ext_027,be_236,59.92,782,361,61,300,197,16.9,-60.97,6375.33,-6436.3,0.99,-1579.99,12,16,617
Strict,60,engulf_ext_027_be_500,engulf,ext_027,be_500,59.92,782,446,23,423,337,5.16,-2792.38,1969.92,-4762.3,0.41,-3180.79,6,22,304
Strict,90,limit_wave_end_no_be,limit,wave_end,no_be,90.0,1430,571,238,333,0,41.68,3100.55,28702.25,-25601.69,1.12,-1737.02,24,26,1527
Strict,90,limit_wave_end_be_236,limit,wave_end,be_236,90.0,1430,638,227,411,107,35.58,4458.11,27594.29,-23136.19,1.19,-1428.89,24,27,1274
Strict,90,limit_wave_end_be_500,limit,wave_end,be_500,90.0,1430,772,144,628,426,18.65,-58.3,14990.94,-15049.24,1.0,-1936.52,23,28,850
Strict,90,limit_ext_027_no_be,limit,ext_027,no_be,90.0,1430,446,151,295,0,33.86,3762.54,27566.58,-23804.04,1.16,-2445.65,23,26,1967
Strict,90,limit_ext_027_be_236,limit,ext_027,be_236,90.0,1430,568,151,417,149,26.58,5700.08,26952.78,-21252.7,1.27,-1769.42,26,24,1548
Strict,90,limit_ext_027_be_500,limit,ext_027,be_500,90.0,1430,720,102,618,428,14.17,2069.5,16517.96,-14448.46,1.14,-1854.42,24,27,1008
Strict,90,engulf_wave_end_no_be,engulf,wave_end,no_be,90.0,1430,537,235,302,0,43.76,235.0,19774.0,-19539.0,1.01,-1755.0,24,25,1485
Strict,90,engulf_wave_end_be_236,engulf,wave_end,be_236,90.0,1430,620,161,459,235,25.97,-13.0,16095.0,-16108.0,1.0,-1980.0,26,25,1151
Strict,90,engulf_wave_end_be_500,engulf,wave_end,be_500,90.0,1430,786,56,730,562,7.12,-4631.0,4581.0,-9212.0,0.5,-4799.0,10,41,526
Strict,90,engulf_ext_027_no_be,engulf,ext_027,no_be,90.0,1430,433,206,227,0,47.58,2366.35,23415.82,-21049.47,1.11,-1777.52,23,25,1875
Strict,90,engulf_ext_027_be_236,engulf,ext_027,be_236,90.0,1430,581,101,480,306,17.38,1360.77,16396.07,-15035.3,1.09,-1649.53,22,28,1332
Strict,90,engulf_ext_027_be_500,engulf,ext_027,be_500,90.0,1430,773,40,733,597,5.17,-3723.66,5429.64,-9153.3,0.59,-3749.66,13,38,594
Strict,120,limit_wave_end_no_be,limit,wave_end,no_be,119.79,1597,629,259,370,0,41.18,2726.04,31385.03,-28659.0,1.1,-2127.51,25,31,1674
Strict,120,limit_wave_end_be_236,limit,wave_end,be_236,119.79,1597,700,246,454,117,35.14,4215.04,30146.03,-25930.99,1.16,-1428.89,25,32,1412
Strict,120,limit_wave_end_be_500,limit,wave_end,be_500,119.79,1597,842,157,685,466,18.65,-35.22,16639.05,-16674.28,1.0,-1936.52,25,32,926
Strict,120,limit_ext_027_no_be,limit,ext_027,no_be,119.79,1597,495,167,328,0,33.74,4559.81,31217.97,-26658.16,1.17,-2746.64,24,31,2122
Strict,120,limit_ext_027_be_236,limit,ext_027,be_236,119.79,1597,626,165,461,163,26.36,6205.54,30205.47,-23999.93,1.26,-1769.42,27,29,1681
Strict,120,limit_ext_027_be_500,limit,ext_027,be_500,119.79,1597,782,111,671,465,14.19,2526.38,18543.01,-16016.63,1.16,-1854.42,27,30,1108
Strict,120,engulf_wave_end_no_be,engulf,wave_end,no_be,119.79,1597,587,254,333,0,43.27,-376.0,21372.0,-21748.0,0.98,-1997.0,25,29,1634
Strict,120,engulf_wave_end_be_236,engulf,wave_end,be_236,119.79,1597,685,177,508,258,25.84,-501.0,17674.0,-18175.0,0.97,-1980.0,27,30,1251
Strict,120,engulf_wave_end_be_500,engulf,wave_end,be_500,119.79,1597,856,62,794,618,7.24,-4818.0,5060.0,-9878.0,0.51,-5122.0,12,45,586
Strict,120,engulf_ext_027_no_be,engulf,ext_027,no_be,119.79,1597,471,224,247,0,47.56,2598.86,25764.33,-23165.47,1.11,-1900.58,25,28,2070
Strict,120,engulf_ext_027_be_236,engulf,ext_027,be_236,119.79,1597,646,112,534,339,17.34,1333.77,18382.07,-17048.3,1.08,-1649.53,24,32,1431
Strict,120,engulf_ext_027_be_500,engulf,ext_027,be_500,119.79,1597,843,44,799,659,5.22,-3840.96,5990.34,-9831.3,0.61,-3985.61,14,43,658
Strict,150,limit_wave_end_no_be,limit,wave_end,no_be,150.0,2299,874,347,527,0,39.7,-98.16,38314.31,-38412.47,1.0,-5470.96,32,45,2655
Strict,150,limit_wave_end_be_236,limit,wave_end,be_236,150.0,2299,974,315,659,176,32.34,333.44,35179.27,-34845.83,1.01,-4993.94,31,47,2256
Strict,150,limit_wave_end_be_500,limit,wave_end,be_500,150.0,2299,1219,207,1012,699,16.98,-2294.09,20811.4,-23105.5,0.9,-3157.83,30,49,1398
Strict,150,limit_ext_027_no_be,limit,ext_027,no_be,150.0,2299,708,232,476,0,32.77,2408.65,38849.62,-36440.98,1.07,-4420.87,31,45,3219
Strict,150,limit_ext_027_be_236,limit,ext_027,be_236,150.0,2299,894,216,678,238,24.16,3083.2,36206.81,-33123.61,1.09,-4099.86,32,45,2543
Strict,150,limit_ext_027_be_500,limit,ext_027,be_500,150.0,2299,1138,147,991,694,12.92,789.54,23045.91,-22256.37,1.04,-2263.55,32,46,1670
Strict,150,engulf_wave_end_no_be,engulf,wave_end,no_be,150.0,2299,844,350,494,0,41.47,-3685.0,26300.0,-29985.0,0.88,-5750.0,30,45,2485
Strict,150,engulf_wave_end_be_236,engulf,wave_end,be_236,150.0,2299,971,223,748,383,22.97,-3997.0,20496.0,-24493.0,0.84,-4997.0,31,47,1958
Strict,150,engulf_wave_end_be_500,engulf,wave_end,be_500,150.0,2299,1244,81,1163,916,6.51,-6692.0,6565.0,-13257.0,0.5,-6860.0,16,64,879
Strict,150,engulf_ext_027_no_be,engulf,ext_027,no_be,150.0,2299,685,322,363,0,47.01,900.94,32966.41,-32065.47,1.03,-4097.64,34,39,3031
Strict,150,engulf_ext_027_be_236,engulf,ext_027,be_236,150.0,2299,917,142,775,485,15.49,-1724.09,21411.21,-23135.3,0.93,-4245.0,31,46,2185
Strict,150,engulf_ext_027_be_500,engulf,ext_027,be_500,150.0,2299,1229,62,1167,979,5.04,-5259.97,7984.33,-13244.3,0.6,-5312.59,20,60,965
Strict,180,limit_wave_end_no_be,limit,wave_end,no_be,179.91,2440,921,366,555,0,39.74,160.3,40020.62,-39860.32,1.0,-5470.96,33,48,2748
Strict,180,limit_wave_end_be_236,limit,wave_end,be_236,179.91,2440,1025,333,692,185,32.49,468.73,36592.94,-36124.21,1.01,-5128.79,34,48,2338
Strict,180,limit_wave_end_be_500,limit,wave_end,be_500,179.91,2440,1277,216,1061,733,16.91,-2520.75,21501.55,-24022.3,0.9,-3496.38,33,50,1464
Strict,180,limit_ext_027_no_be,limit,ext_027,no_be,179.91,2440,743,248,495,0,33.38,3433.72,41003.87,-37570.15,1.09,-4420.87,33,47,3343
Strict,180,limit_ext_027_be_236,limit,ext_027,be_236,179.91,2440,935,229,706,252,24.49,3655.73,37678.64,-34022.91,1.11,-4131.02,36,45,2651
Strict,180,limit_ext_027_be_500,limit,ext_027,be_500,179.91,2440,1192,152,1040,729,12.75,487.19,23621.78,-23134.6,1.02,-2707.32,33,49,1742
Strict,180,engulf_wave_end_no_be,engulf,wave_end,no_be,179.91,2440,892,371,521,0,41.59,-3335.0,27587.0,-30922.0,0.89,-5750.0,32,47,2561
Strict,180,engulf_wave_end_be_236,engulf,wave_end,be_236,179.91,2440,1023,232,791,408,22.68,-4217.0,21100.0,-25317.0,0.83,-5170.0,31,51,2022
Strict,180,engulf_wave_end_be_500,engulf,wave_end,be_500,179.91,2440,1303,84,1219,962,6.45,-6746.0,6867.0,-13613.0,0.5,-7031.0,17,67,930
Strict,180,engulf_ext_027_no_be,engulf,ext_027,no_be,179.91,2440,719,340,379,0,47.29,1559.93,34539.4,-32979.47,1.05,-4097.64,36,41,3147
Strict,180,engulf_ext_027_be_236,engulf,ext_027,be_236,179.91,2440,966,148,818,515,15.32,-1971.16,21961.14,-23932.3,0.92,-4484.52,31,50,2264
Strict,180,engulf_ext_027_be_500,engulf,ext_027,be_500,179.91,2440,1287,65,1222,1028,5.05,-5318.78,8286.52,-13605.3,0.61,-5501.5,21,63,1017
Strict,210,limit_wave_end_no_be,limit,wave_end,no_be,210.0,3093,1192,475,717,0,39.85,385.64,48905.26,-48519.62,1.01,-5470.96,45,56,3277
Strict,210,limit_wave_end_be_236,limit,wave_end,be_236,210.0,3093,1305,425,880,236,32.57,120.29,43330.05,-43209.76,1.0,-6032.4,45,57,2821
Strict,210,limit_wave_end_be_500,limit,wave_end,be_500,210.0,3093,1613,262,1351,949,16.24,-3654.17,24686.04,-28340.2,0.87,-4695.09,40,63,1743
Strict,210,limit_ext_027_no_be,limit,ext_027,no_be,210.0,3093,955,318,637,0,33.3,4264.52,49674.91,-45410.39,1.09,-4420.87,45,54,4059
Strict,210,limit_ext_027_be_236,limit,ext_027,be_236,210.0,3093,1172,282,890,320,24.06,3423.73,43540.56,-40116.83,1.09,-4879.73,45,56,3262
Strict,210,limit_ext_027_be_500,limit,ext_027,be_500,210.0,3093,1504,181,1323,943,12.03,-450.84,26775.4,-27226.24,0.98,-3747.05,40,62,2084
Strict,210,engulf_wave_end_no_be,engulf,wave_end,no_be,210.0,3093,1158,492,666,0,42.49,-4424.0,33661.0,-38085.0,0.88,-6285.0,41,58,3021
Strict,210,engulf_wave_end_be_236,engulf,wave_end,be_236,210.0,3093,1316,303,1013,526,23.02,-5880.0,25159.0,-31039.0,0.81,-7067.0,38,65,2370
Strict,210,engulf_wave_end_be_500,engulf,wave_end,be_500,210.0,3093,1636,99,1537,1227,6.05,-8970.0,7496.0,-16466.0,0.46,-9138.0,19,86,1110
Strict,210,engulf_ext_027_no_be,engulf,ext_027,no_be,210.0,3093,908,426,482,0,46.92,378.29,40730.66,-40352.37,1.01,-4097.64,46,50,3891
Strict,210,engulf_ext_027_be_236,engulf,ext_027,be_236,210.0,3093,1227,183,1044,657,14.91,-3907.17,24983.15,-28890.32,0.86,-6175.8,36,65,2707
Strict,210,engulf_ext_027_be_500,engulf,ext_027,be_500,210.0,3093,1616,74,1542,1305,4.58,-7392.11,9088.21,-16480.32,0.55,-7418.11,22,83,1205
Strict,240,limit_wave_end_no_be,limit,wave_end,no_be,238.79,3207,1218,481,737,0,39.49,-561.82,49311.39,-49873.21,0.99,-5470.96,44,60,3448
Strict,240,limit_wave_end_be_236,limit,wave_end,be_236,238.79,3207,1337,433,904,244,32.39,-382.34,43981.56,-44363.9,0.99,-6032.4,46,59,2952
Strict,240,limit_wave_end_be_500,limit,wave_end,be_500,238.79,3207,1669,273,1396,986,16.36,-3426.49,25633.93,-29060.41,0.88,-4695.09,42,65,1787
Strict,240,limit_ext_027_no_be,limit,ext_027,no_be,238.79,3207,981,323,658,0,32.93,3314.58,50148.64,-46834.06,1.07,-4420.87,45,57,4236
Strict,240,limit_ext_027_be_236,limit,ext_027,be_236,238.79,3207,1203,288,915,328,23.94,2924.75,44223.41,-41298.66,1.07,-4879.73,45,59,3406
Strict,240,limit_ext_027_be_500,limit,ext_027,be_500,238.79,3207,1552,186,1366,978,11.98,-588.09,27350.36,-27938.45,0.98,-3747.05,42,64,2158
Strict,240,engulf_wave_end_no_be,engulf,wave_end,no_be,238.79,3207,1198,508,690,0,42.4,-4902.0,34709.0,-39611.0,0.88,-6652.0,42,60,3109
Strict,240,engulf_wave_end_be_236,engulf,wave_end,be_236,238.79,3207,1362,315,1047,548,23.13,-5767.0,26083.0,-31850.0,0.82,-7067.0,41,66,2432
Strict,240,engulf_wave_end_be_500,engulf,wave_end,be_500,238.79,3207,1688,103,1585,1269,6.1,-9130.0,7687.0,-16817.0,0.46,-9298.0,21,88,1139
Strict,240,engulf_ext_027_no_be,engulf,ext_027,no_be,238.79,3207,935,439,496,0,46.95,268.44,41938.81,-41670.37,1.01,-4335.86,47,52,4036
Strict,240,engulf_ext_027_be_236,engulf,ext_027,be_236,238.79,3207,1272,193,1079,685,15.17,-3547.19,26065.13,-29612.32,0.88,-6411.04,39,66,2781
Strict,240,engulf_ext_027_be_500,engulf,ext_027,be_500,238.79,3207,1668,78,1590,1351,4.68,-7497.44,9340.88,-16838.32,0.55,-7523.44,24,85,1237
Strict,270,limit_wave_end_no_be,limit,wave_end,no_be,270.0,3801,1434,554,880,0,38.63,-2404.0,52202.5,-54606.51,0.96,-7241.58,50,74,3872
Strict,270,limit_wave_end_be_236,limit,wave_end,be_236,270.0,3801,1560,497,1063,279,31.86,-2236.96,46446.32,-48683.28,0.95,-7422.29,52,73,3318
Strict,270,limit_wave_end_be_500,limit,wave_end,be_500,270.0,3801,1913,323,1590,1098,16.88,-4930.03,27473.57,-32403.6,0.85,-5793.77,46,81,2036
Strict,270,limit_ext_027_no_be,limit,ext_027,no_be,270.0,3801,1175,372,803,0,31.66,1906.0,53427.88,-51521.88,1.04,-4420.87,51,71,4744
Strict,270,limit_ext_027_be_236,limit,ext_027,be_236,270.0,3801,1414,329,1085,380,23.27,1187.35,46693.27,-45505.91,1.03,-5838.2,52,72,3825
Strict,270,limit_ext_027_be_500,limit,ext_027,be_500,270.0,3801,1788,218,1570,1104,12.19,-2048.26,29159.14,-31207.4,0.93,-5078.49,47,79,2449
Strict,270,engulf_wave_end_no_be,engulf,wave_end,no_be,270.0,3801,1411,595,816,0,42.17,-5926.0,36986.0,-42912.0,0.86,-7486.0,49,73,3449
Strict,270,engulf_wave_end_be_236,engulf,wave_end,be_236,270.0,3801,1589,380,1209,623,23.91,-6920.0,27954.0,-34874.0,0.8,-7842.0,48,79,2691
Strict,270,engulf_wave_end_be_500,engulf,wave_end,be_500,270.0,3801,1934,143,1791,1419,7.39,-10296.0,8630.0,-18926.0,0.46,-10516.0,23,106,1287
Strict,270,engulf_ext_027_no_be,engulf,ext_027,no_be,270.0,3801,1129,518,611,0,45.88,-75.86,45387.41,-45463.27,1.0,-4551.77,56,63,4492
Strict,270,engulf_ext_027_be_236,engulf,ext_027,be_236,270.0,3801,1491,240,1251,775,16.1,-4177.25,28415.07,-32592.32,0.87,-6668.72,47,78,3093
Strict,270,engulf_ext_027_be_500,engulf,ext_027,be_500,270.0,3801,1912,109,1803,1512,5.7,-8391.38,10597.94,-18989.32,0.56,-8488.06,27,102,1409
Strict,300,limit_wave_end_no_be,limit,wave_end,no_be,299.97,4033,1532,594,938,0,38.77,-2627.56,53616.75,-56244.31,0.95,-7503.82,51,80,4000
Strict,300,limit_wave_end_be_236,limit,wave_end,be_236,299.97,4033,1659,532,1127,293,32.07,-2566.05,47593.43,-50159.48,0.95,-7790.16,54,78,3439
Strict,300,limit_wave_end_be_500,limit,wave_end,be_500,299.97,4033,2027,351,1676,1149,17.32,-5354.21,28263.82,-33618.03,0.84,-6231.07,48,86,2105
Strict,300,limit_ext_027_no_be,limit,ext_027,no_be,299.97,4033,1261,400,861,0,31.72,1737.29,54941.05,-53203.76,1.03,-4536.42,54,75,4948
Strict,300,limit_ext_027_be_236,limit,ext_027,be_236,299.97,4033,1504,353,1151,401,23.47,1097.92,48003.99,-46906.07,1.02,-5998.78,55,76,4000
Strict,300,limit_ext_027_be_500,limit,ext_027,be_500,299.97,4033,1895,238,1657,1159,12.56,-2326.85,30056.29,-32383.14,0.93,-5357.08,49,84,2555
Strict,300,engulf_wave_end_no_be,engulf,wave_end,no_be,299.97,4033,1500,636,864,0,42.4,-6127.0,38102.0,-44229.0,0.86,-7765.0,51,78,3569
Strict,300,engulf_wave_end_be_236,engulf,wave_end,be_236,299.97,4033,1679,411,1268,649,24.48,-7151.0,28768.0,-35919.0,0.8,-8183.0,50,84,2797
Strict,300,engulf_wave_end_be_500,engulf,wave_end,be_500,299.97,4033,2039,166,1873,1479,8.14,-10438.0,9199.0,-19637.0,0.47,-10693.0,24,112,1343
Strict,300,engulf_ext_027_no_be,engulf,ext_027,no_be,299.97,4033,1206,552,654,0,45.77,-20.57,46776.7,-46797.27,1.0,-4551.77,58,68,4696
Strict,300,engulf_ext_027_be_236,engulf,ext_027,be_236,299.97,4033,1575,260,1315,811,16.51,-4277.71,29333.61,-33611.32,0.87,-6758.13,50,82,3242
Strict,300,engulf_ext_027_be_500,engulf,ext_027,be_500,299.97,4033,2011,123,1888,1580,6.12,-8490.98,11230.34,-19721.32,0.57,-8597.71,30,106,1494
Strict,330,limit_wave_end_no_be,limit,wave_end,no_be,329.83,4637,1827,692,1135,0,37.88,-4667.99,57038.45,-61706.44,0.92,-9569.72,56,96,4462
Strict,330,limit_wave_end_be_236,limit,wave_end,be_236,329.83,4637,1972,617,1355,349,31.29,-4526.0,50507.84,-55033.85,0.92,-9763.58,59,94,3841
Strict,330,limit_wave_end_be_500,limit,wave_end,be_500,329.83,4637,2382,402,1980,1355,16.88,-7048.42,29785.91,-36834.33,0.81,-8007.64,51,104,2329
Strict,330,limit_ext_027_no_be,limit,ext_027,no_be,329.83,4637,1509,462,1047,0,30.62,103.63,58405.79,-58302.16,1.0,-6319.15,60,90,5589
Strict,330,limit_ext_027_be_236,limit,ext_027,be_236,329.83,4637,1783,408,1375,473,22.88,-368.34,50910.15,-51278.49,0.99,-7524.36,59,93,4523
Strict,330,limit_ext_027_be_500,limit,ext_027,be_500,329.83,4637,2229,272,1957,1370,12.2,-3754.04,31619.04,-35373.08,0.89,-6965.81,52,102,2850
Strict,330,engulf_wave_end_no_be,engulf,wave_end,no_be,329.83,4637,1783,741,1042,0,41.56,-8160.0,40642.0,-48802.0,0.83,-9733.0,54,96,3976
Strict,330,engulf_wave_end_be_236,engulf,wave_end,be_236,329.83,4637,1989,479,1510,767,24.08,-8848.0,30760.0,-39608.0,0.78,-9755.0,53,102,3121
Strict,330,engulf_wave_end_be_500,engulf,wave_end,be_500,329.83,4637,2376,186,2190,1731,7.83,-11921.0,9837.0,-21758.0,0.45,-12089.0,29,128,1536
Strict,330,engulf_ext_027_no_be,engulf,ext_027,no_be,329.83,4637,1431,632,799,0,44.16,-1704.07,49855.54,-51559.61,0.97,-6123.51,64,83,5344
Strict,330,engulf_ext_027_be_236,engulf,ext_027,be_236,329.83,4637,1861,301,1560,953,16.17,-5719.21,31373.82,-37093.03,0.85,-8175.24,54,99,3668
Strict,330,engulf_ext_027_be_500,engulf,ext_027,be_500,329.83,4637,2341,140,2201,1843,5.98,-9956.35,11888.68,-21845.03,0.54,-9982.35,35,122,1717
Strict,360,limit_wave_end_no_be,limit,wave_end,no_be,357.83,4847,1923,723,1200,0,37.6,-5269.28,58379.11,-63648.39,0.92,-10238.82,58,103,4611
Strict,360,limit_wave_end_be_236,limit,wave_end,be_236,357.83,4847,2070,639,1431,369,30.87,-5282.31,51486.51,-56768.82,0.91,-10583.28,61,100,3977
Strict,360,limit_wave_end_be_500,limit,wave_end,be_500,357.83,4847,2491,415,2076,1416,16.66,-7726.29,30359.95,-38086.24,0.8,-8637.94,52,111,2430
Strict,360,limit_ext_027_no_be,limit,ext_027,no_be,357.83,4847,1594,485,1109,0,30.43,-241.0,59935.33,-60176.33,1.0,-6739.72,63,96,5789
Strict,360,limit_ext_027_be_236,limit,ext_027,be_236,357.83,4847,1878,427,1451,496,22.74,-749.7,52161.77,-52911.47,0.99,-8092.19,62,98,4685
Strict,360,limit_ext_027_be_500,limit,ext_027,be_500,357.83,4847,2336,283,2053,1431,12.11,-4298.74,32327.24,-36625.97,0.88,-7485.82,53,109,2964
Strict,360,engulf_wave_end_no_be,engulf,wave_end,no_be,357.83,4847,1878,776,1102,0,41.32,-8542.0,41672.0,-50214.0,0.83,-10253.0,57,102,4105
Strict,360,engulf_wave_end_be_236,engulf,wave_end,be_236,357.83,4847,2087,497,1590,813,23.81,-9120.0,31510.0,-40630.0,0.78,-10289.0,55,108,3233
Strict,360,engulf_wave_end_be_500,engulf,wave_end,be_500,357.83,4847,2482,193,2289,1810,7.78,-12192.0,10236.0,-22428.0,0.46,-12566.0,31,134,1616
Strict,360,engulf_ext_027_no_be,engulf,ext_027,no_be,357.83,4847,1506,663,843,0,44.02,-2068.1,51234.51,-53302.61,0.96,-6443.21,68,88,5542
Strict,360,engulf_ext_027_be_236,engulf,ext_027,be_236,357.83,4847,1957,315,1642,1004,16.1,-5700.99,32308.04,-38009.03,0.85,-8356.19,58,103,3800
Strict,360,engulf_ext_027_be_500,engulf,ext_027,be_500,357.83,4847,2445,145,2300,1924,5.93,-10113.16,12351.87,-22465.03,0.55,-10396.72,38,127,1801
